"","grid_id","fortify_id","fdisp_orig","fdisp_HL","fdisp_WT","fdisp_HL_WT","fdisp_HL_null","fdisp_WT_null","fdisp_HL_WT_null","z_HL","z_WT","z_HL_WT","sr_orig","sr_HL","sr_WT","sr_HL_WT"
"605",605,"1",0,0,0,0,0,0,0,NA,NA,NA,1,1,1,1
"606",606,"2",0,0,0,0,0,0,0,NA,NA,NA,1,1,1,1
"654",654,"3",0,0,0,0,0,0,0,NA,NA,NA,1,1,1,1
"655",655,"4",0,0,0,0,0,0,0,NA,NA,NA,1,1,1,1
"658",658,"5",0,0,0,0,0,0,0,NA,NA,NA,1,1,1,1
"679",679,"6",0,0,0,0,0,0,0,NA,NA,NA,1,1,1,1
"680",680,"7",0,0,0,0,0,0,0,NA,NA,NA,1,1,1,1
"681",681,"8",0,0,0,0,0,0,0,NA,NA,NA,1,1,1,1
"723",723,"9",0,0,0,0,0,0,0,NA,NA,NA,1,1,1,1
"727",727,"10",0,0,0,0,0,0,0,NA,NA,NA,1,1,1,1
"728",728,"11",0,0,0,0,0,0,0,NA,NA,NA,1,1,1,1
"729",729,"12",0,0,0,0,0,0,0,NA,NA,NA,1,1,1,1
"752",752,"13",0,0,0,0,0,0,0,NA,NA,NA,1,1,1,1
"753",753,"14",1.50365088217873,1.50365088217873,1.50365088217873,1.50365088217873,1.50365088217873,1.50365088217873,1.50365088217873,NA,NA,NA,2,2,2,2
"754",754,"15",1.50365088217873,1.50365088217873,1.50365088217873,1.50365088217873,1.50365088217873,1.50365088217873,1.50365088217873,NA,NA,NA,2,2,2,2
"755",755,"16",0.0643554469424735,0.0643554469424735,0.0643554469424735,0.0643554469424735,0.0643554469424735,0.0643554469424735,0.0643554469424735,NA,NA,NA,2,2,2,2
"756",756,"17",0,0,0,0,0,0,0,NA,NA,NA,1,1,1,1
"795",795,"18",0,0,0,0,0,0,0,NA,NA,NA,1,1,1,1
"796",796,"19",1.42880168295003,1.42880168295003,1.42880168295003,1.42880168295003,1.42880168295003,1.42880168295003,1.42880168295003,NA,NA,NA,6,6,6,6
"797",797,"20",1.29514815256296,1.29514815256296,1.29514815256296,1.29514815256296,1.29514815256296,1.29514815256296,1.29514815256296,NA,NA,NA,7,7,7,7
"801",801,"21",0,0,0,0,0,0,0,NA,NA,NA,1,1,1,1
"802",802,"22",0,0,0,0,0,0,0,NA,NA,NA,1,1,1,1
"825",825,"23",0,0,0,0,0,0,0,NA,NA,NA,1,1,1,1
"826",826,"24",1.17713482075114,1.15935670932946,1.15935670932946,1.15935670932946,1.1492593170209,1.14848249127841,1.14135553441089,0.0710250473002369,0.0742150080463076,0.119385704230866,6,5,5,5
"827",827,"25",1.04764586323493,0.970887472128435,0.970887472128435,0.970887472128435,1.03123531556801,1.03352610032083,1.03270625748115,-0.455042154577523,-0.480973830486672,-0.464858083199161,8,7,7,7
"828",828,"26",1.69883827836324,1.69883827836324,1.69883827836324,1.69883827836324,1.69883827836324,1.69883827836324,1.69883827836324,NA,NA,NA,12,12,12,12
"829",829,"27",1.29702692641581,1.32055194386181,1.291218742147,1.32055194386181,1.29650753497119,1.29680525341675,1.29669202676274,0.272838168986855,-0.0860633011473657,0.265380704826191,29,27,28,27
"843",843,"28",0.818273937899876,0.818273937899876,0.818273937899876,0.818273937899876,0.818273937899876,0.818273937899876,0.818273937899876,NA,NA,NA,5,5,5,5
"844",844,"29",1.29577750631905,1.29577750631905,1.29577750631905,1.29577750631905,1.29577750631905,1.29577750631905,1.29577750631905,NA,NA,NA,11,11,11,11
"845",845,"30",1.20894631760762,1.20894631760762,1.20894631760762,1.20894631760762,1.20894631760762,1.20894631760762,1.20894631760762,NA,NA,NA,20,20,20,20
"846",846,"31",1.22150778505136,1.22150778505136,1.22150778505136,1.22150778505136,1.22150778505136,1.22150778505136,1.22150778505136,NA,NA,NA,19,19,19,19
"867",867,"32",0,0,0,0,0,0,0,NA,NA,NA,1,1,1,1
"869",869,"33",1.42880168295003,1.42880168295003,1.42880168295003,1.42880168295003,1.42880168295003,1.42880168295003,1.42880168295003,NA,NA,NA,6,6,6,6
"870",870,"34",1.26654589649246,1.26654589649246,1.26654589649246,1.26654589649246,1.26654589649246,1.26654589649246,1.26654589649246,NA,NA,NA,11,11,11,11
"874",874,"35",0,0,0,0,0,0,0,NA,NA,NA,1,1,1,1
"884",884,"36",0,NA,0,NA,NA,0,NA,NA,NA,NA,1,0,1,0
"898",898,"37",0,0,0,0,0,0,0,NA,NA,NA,1,1,1,1
"899",899,"38",1.72299980701332,1.78055550592036,1.78055550592036,1.78055550592036,1.71972521962862,1.72207493111687,1.72992537753919,0.37083962977395,0.364444815082565,0.343695070355615,13,12,12,12
"900",900,"39",1.70712200211841,1.76010722727478,1.76010722727478,1.76010722727478,1.70639049872415,1.70324234376711,1.70032019802038,0.331001709794519,0.347989492466934,0.353833642440731,13,12,12,12
"901",901,"40",1.37867660531753,1.38980465529546,1.38980465529546,1.38980465529546,1.37633826724501,1.37587841014095,1.37941067403743,0.165735075753881,0.176154332012685,0.132549179848927,41,37,37,37
"902",902,"41",1.32306310318337,1.35698282829872,1.3240011598766,1.35698282829872,1.31946535388639,1.32376512372729,1.31955132422537,0.482380615518922,0.00386028668005825,0.473416252520219,52,46,48,46
"903",903,"42",1.27777913445825,1.21753226262903,1.29473407698222,1.21753226262903,1.27771147153088,1.27554251488671,1.27841279131139,-0.778671684262717,0.372341034729711,-0.802759149396598,56,49,53,49
"915",915,"43",0,0,0,0,0,0,0,NA,NA,NA,1,1,1,1
"916",916,"44",0.737004945299072,0.737004945299072,0.737004945299072,0.737004945299072,0.737004945299072,0.737004945299072,0.737004945299072,NA,NA,NA,4,4,4,4
"917",917,"45",0.613216999871383,0.613216999871383,0.613216999871383,0.613216999871383,0.613216999871383,0.613216999871383,0.613216999871383,NA,NA,NA,6,6,6,6
"918",918,"46",1.12944315713159,1.12944315713159,1.12944315713159,1.12944315713159,1.12944315713159,1.12944315713159,1.12944315713159,NA,NA,NA,20,20,20,20
"919",919,"47",1.15166940343628,1.15166940343628,1.15166940343628,1.15166940343628,1.15166940343628,1.15166940343628,1.15166940343628,NA,NA,NA,24,24,24,24
"921",921,"48",1.34871150537496,1.34871150537496,1.34871150537496,1.34871150537496,1.34871150537496,1.34871150537496,1.34871150537496,NA,NA,NA,4,4,4,4
"922",922,"49",1.14241672946512,1.14241672946512,1.14241672946512,1.14241672946512,1.14241672946512,1.14241672946512,1.14241672946512,NA,NA,NA,6,6,6,6
"942",942,"50",1.5482391137424,1.5482391137424,1.5482391137424,1.5482391137424,1.5482391137424,1.5482391137424,1.5482391137424,NA,NA,NA,5,5,5,5
"943",943,"51",1.26654589649246,1.26654589649246,1.26654589649246,1.26654589649246,1.26654589649246,1.26654589649246,1.26654589649246,NA,NA,NA,11,11,11,11
"950",950,"52",0.470107728906623,0.470107728906623,0.470107728906623,0.470107728906623,0.470107728906623,0.470107728906623,0.470107728906623,NA,NA,NA,4,4,4,4
"951",951,"53",0.470107728906623,0.470107728906623,0.470107728906623,0.470107728906623,0.470107728906623,0.470107728906623,0.470107728906623,NA,NA,NA,4,4,4,4
"954",954,"54",0.561144843040483,0.561144843040483,0.561144843040483,0.561144843040483,0.561144843040483,0.561144843040483,0.561144843040483,NA,NA,NA,2,2,2,2
"960",960,"55",0,0,0,0,0,0,0,NA,NA,NA,1,1,1,1
"972",972,"56",1.29417140049216,1.28087349159435,1.28087349159435,1.28087349159435,1.2876984363762,1.28400880714122,1.28305617016546,-0.0779976512301316,-0.0339221703615346,-0.0238333432812143,9,8,8,8
"973",973,"57",1.64350355611931,1.55425801506109,1.55425801506109,1.55425801506109,1.63500789391067,1.63638064060987,1.63791665544374,-0.582758371147582,-0.591535351107329,-0.619698498161781,19,17,17,17
"974",974,"58",1.5164293598257,1.55280850127258,1.42279737199337,1.43067916212251,1.50910355352548,1.50914658480642,1.51123875758628,0.484604593944706,-0.952512339945345,-0.824305363938095,47,40,40,39
"975",975,"59",1.42800194798668,1.4624613679538,1.45699625551969,1.4624613679538,1.429570807321,1.42546085194365,1.42587526181173,0.480449961979155,0.51103290592247,0.51770621035995,55,49,50,49
"976",976,"60",1.38974064873555,1.34279035192088,1.39842472108312,1.34279035192088,1.38834482259886,1.38842806981299,1.38766907443059,-0.655198940511784,0.215322883854847,-0.617545689916423,68,59,64,59
"977",977,"61",1.22495838407174,1.19073941201444,1.23489265735923,1.19073941201444,1.22642933259668,1.22292573170122,1.22622221725541,-0.537544207418746,0.31828277748578,-0.543773322050701,74,64,71,64
"988",988,"62",0.701161146239237,0.701161146239237,0.701161146239237,0.701161146239237,0.701161146239237,0.701161146239237,0.701161146239237,NA,NA,NA,5,5,5,5
"989",989,"63",0.729167243746497,0.729167243746497,0.729167243746497,0.729167243746497,0.729167243746497,0.729167243746497,0.729167243746497,NA,NA,NA,6,6,6,6
"990",990,"64",0.7472570564936,0.7472570564936,0.7472570564936,0.7472570564936,0.7472570564936,0.7472570564936,0.7472570564936,NA,NA,NA,9,9,9,9
"991",991,"65",1.25019307589136,1.25019307589136,1.25019307589136,1.25019307589136,1.25019307589136,1.25019307589136,1.25019307589136,NA,NA,NA,17,17,17,17
"992",992,"66",1.39322917306344,1.39322917306344,1.39322917306344,1.39322917306344,1.39322917306344,1.39322917306344,1.39322917306344,NA,NA,NA,25,25,25,25
"993",993,"67",1.1316741654471,1.1316741654471,1.1316741654471,1.1316741654471,1.1316741654471,1.1316741654471,1.1316741654471,NA,NA,NA,16,16,16,16
"994",994,"68",1.1607329507829,1.1607329507829,1.1607329507829,1.1607329507829,1.1607329507829,1.1607329507829,1.1607329507829,NA,NA,NA,7,7,7,7
"995",995,"69",1.21502626909357,1.21502626909357,1.21502626909357,1.21502626909357,1.21502626909357,1.21502626909357,1.21502626909357,NA,NA,NA,8,8,8,8
"997",997,"70",1.23800696207623,1.23800696207623,1.23800696207623,1.23800696207623,1.23800696207623,1.23800696207623,1.23800696207623,NA,NA,NA,2,2,2,2
"1013",1013,"71",1.77988536219473,1.77988536219473,1.77988536219473,1.77988536219473,1.77988536219473,1.77988536219473,1.77988536219473,NA,NA,NA,2,2,2,2
"1014",1014,"72",1.77988536219473,1.77988536219473,1.77988536219473,1.77988536219473,1.77988536219473,1.77988536219473,1.77988536219473,NA,NA,NA,2,2,2,2
"1015",1015,"73",1.02208795193239,1.02208795193239,1.02208795193239,1.02208795193239,1.02208795193239,1.02208795193239,1.02208795193239,NA,NA,NA,12,12,12,12
"1016",1016,"74",1.26654589649246,1.26654589649246,1.26654589649246,1.26654589649246,1.26654589649246,1.26654589649246,1.26654589649246,NA,NA,NA,11,11,11,11
"1018",1018,"75",0.582061532480068,0.582061532480068,0.582061532480068,0.582061532480068,0.582061532480068,0.582061532480068,0.582061532480068,NA,NA,NA,5,5,5,5
"1019",1019,"76",0.559850226142373,0.606582953175793,0.559850226142373,0.606582953175793,0.550213747535432,0.559850226142373,0.548467971811555,1.36361162854037,NA,1.41293052626853,7,6,7,6
"1023",1023,"77",0.716293575949335,0.716293575949335,0.716293575949335,0.716293575949335,0.716293575949335,0.716293575949335,0.716293575949335,NA,NA,NA,8,8,8,8
"1024",1024,"78",0.470107728906623,0.470107728906623,0.470107728906623,0.470107728906623,0.470107728906623,0.470107728906623,0.470107728906623,NA,NA,NA,4,4,4,4
"1025",1025,"79",0.515440966342063,0.515440966342063,0.515440966342063,0.515440966342063,0.515440966342063,0.515440966342063,0.515440966342063,NA,NA,NA,3,3,3,3
"1027",1027,"80",0.561144843040483,0.561144843040483,0.561144843040483,0.561144843040483,0.561144843040483,0.561144843040483,0.561144843040483,NA,NA,NA,2,2,2,2
"1028",1028,"81",0,0,0,0,0,0,0,NA,NA,NA,1,1,1,1
"1029",1029,"82",0.347533289207687,0.347533289207687,0.347533289207687,0.347533289207687,0.347533289207687,0.347533289207687,0.347533289207687,NA,NA,NA,3,3,3,3
"1043",1043,"83",0,0,0,0,0,0,0,NA,NA,NA,1,1,1,1
"1044",1044,"84",1.32196290339223,0,0.0647478181771507,0,0,1.02334320081644,0,NA,-1.43920664698306,NA,3,1,2,1
"1045",1045,"85",1.34424747706998,1.29478514081388,1.28503750357469,1.29478514081388,1.34384486278544,1.34370835227643,1.34214790830005,-1.15316140752439,-1.8965020127291,-1.10014375639999,116,105,110,105
"1046",1046,"86",1.43179428842215,1.39361792420661,1.33975732482101,1.34039140949949,1.42943957195217,1.43120444154134,1.43018465009367,-0.743776104792883,-2.45945415363378,-1.76457885495769,115,101,106,100
"1047",1047,"87",1.54940217436588,1.56192378168031,1.4459178504761,1.46655874034929,1.54750804065053,1.5456935404294,1.54554712312946,0.150948623223992,-1.44157466023659,-0.806565699345309,66,53,58,52
"1048",1048,"88",1.80686319349253,1.80668579677328,1.75013314999375,1.69598822682718,1.80302392968941,1.79672408773565,1.80315319311574,0.0306148832766547,-0.438206662869873,-0.859187783054154,50,40,42,39
"1049",1049,"89",1.70049301731156,1.64854630796048,1.61255348853794,1.52171364606187,1.70035906800048,1.69743126056481,1.69871233619047,-0.559882646241762,-0.981903189674714,-1.67243723722571,44,38,39,37
"1050",1050,"90",1.40172040388294,1.39687193071003,1.32869528213161,1.30874962077356,1.40040746990144,1.40074278493893,1.39987133100347,-0.049115133565877,-1.37023907531766,-1.13784837639272,73,62,67,61
"1051",1051,"91",1.07545547313982,1.00372809984399,1.08651884935202,1.00372809984399,1.07432909987096,1.07500727325938,1.07675877776219,-1.44499810597108,0.436882888479507,-1.5455969346849,58,52,56,52
"1061",1061,"92",0.868681227801405,0.873195959745466,0.868681227801405,0.873195959745466,0.866682256779981,0.868681227801405,0.866943426121822,0.232907959928647,NA,0.227988268366046,18,17,18,17
"1062",1062,"93",0.901765157767744,0.901765157767744,0.901765157767744,0.901765157767744,0.901765157767744,0.901765157767744,0.901765157767744,NA,NA,NA,15,15,15,15
"1063",1063,"94",1.10349252278962,1.10349252278962,1.10349252278962,1.10349252278962,1.10349252278962,1.10349252278962,1.10349252278962,NA,NA,NA,17,17,17,17
"1064",1064,"95",0.996015825149653,1.02065349837573,0.996015825149653,1.02065349837573,0.993901404765049,0.996015825149653,0.994754541771424,0.570818265680928,NA,0.559371128390043,22,21,22,21
"1065",1065,"96",1.35013210518134,1.35013210518134,1.35013210518134,1.35013210518134,1.35013210518134,1.35013210518134,1.35013210518134,NA,NA,NA,26,26,26,26
"1066",1066,"97",1.32139284855773,1.32139284855773,1.32139284855773,1.32139284855773,1.32139284855773,1.32139284855773,1.32139284855773,NA,NA,NA,27,27,27,27
"1067",1067,"98",1.35387856774006,1.35387856774006,1.35387856774006,1.35387856774006,1.35387856774006,1.35387856774006,1.35387856774006,NA,NA,NA,19,19,19,19
"1068",1068,"99",1.42988918937819,1.42988918937819,1.42988918937819,1.42988918937819,1.42988918937819,1.42988918937819,1.42988918937819,NA,NA,NA,8,8,8,8
"1069",1069,"100",1.50132278850034,1.50132278850034,1.50132278850034,1.50132278850034,1.50132278850034,1.50132278850034,1.50132278850034,NA,NA,NA,7,7,7,7
"1083",1083,"101",1.16241848547373,1.16241848547373,1.16241848547373,1.16241848547373,1.16241848547373,1.16241848547373,1.16241848547373,NA,NA,NA,6,6,6,6
"1084",1084,"102",1.16241848547373,1.16241848547373,1.16241848547373,1.16241848547373,1.16241848547373,1.16241848547373,1.16241848547373,NA,NA,NA,6,6,6,6
"1085",1085,"103",1.37369887761304,1.37369887761304,1.37369887761304,1.37369887761304,1.37369887761304,1.37369887761304,1.37369887761304,NA,NA,NA,4,4,4,4
"1086",1086,"104",1.61842298036975,1.61842298036975,1.61842298036975,1.61842298036975,1.61842298036975,1.61842298036975,1.61842298036975,NA,NA,NA,3,3,3,3
"1087",1087,"105",1.02596771522962,1.02596771522962,1.02596771522962,1.02596771522962,1.02596771522962,1.02596771522962,1.02596771522962,NA,NA,NA,14,14,14,14
"1088",1088,"106",2.85782084997993,1.0282280767846,1.0282280767846,1.0282280767846,2.86966609075806,2.88964762984933,2.88085042634348,-3.90234051198518,-4.2460733687904,-4.04790297196953,16,15,15,15
"1090",1090,"107",0.342191888082687,0.342191888082687,0.342191888082687,0.342191888082687,0.342191888082687,0.342191888082687,0.342191888082687,NA,NA,NA,2,2,2,2
"1091",1091,"108",0.342191888082687,0.342191888082687,0.342191888082687,0.342191888082687,0.342191888082687,0.342191888082687,0.342191888082687,NA,NA,NA,2,2,2,2
"1092",1092,"109",0.472175735626674,0.517167807045186,0.472175735626674,0.517167807045186,0.463947454007003,0.472175735626674,0.464858230268543,0.983745096458974,NA,0.978119306805932,6,5,6,5
"1093",1093,"110",0.548195889040004,0.548195889040004,0.548195889040004,0.548195889040004,0.548195889040004,0.548195889040004,0.548195889040004,NA,NA,NA,3,3,3,3
"1094",1094,"111",0.820458070703775,0.820458070703775,0.820458070703775,0.820458070703775,0.820458070703775,0.820458070703775,0.820458070703775,NA,NA,NA,11,11,11,11
"1095",1095,"112",0.716293575949335,0.716293575949335,0.716293575949335,0.716293575949335,0.716293575949335,0.716293575949335,0.716293575949335,NA,NA,NA,8,8,8,8
"1096",1096,"113",0.515440966342063,0.515440966342063,0.515440966342063,0.515440966342063,0.515440966342063,0.515440966342063,0.515440966342063,NA,NA,NA,3,3,3,3
"1097",1097,"114",0.630589276326886,0.630589276326886,0.607886023371285,0.607886023371285,0.630589276326886,0.61787194467554,0.618765840600796,NA,-0.437599940848742,-0.478406907147494,7,7,6,6
"1098",1098,"115",0.58532677006058,0.58532677006058,0.58532677006058,0.58532677006058,0.58532677006058,0.58532677006058,0.58532677006058,NA,NA,NA,5,5,5,5
"1104",1104,"116",0,0,0,0,0,0,0,NA,NA,NA,1,1,1,1
"1116",1116,"117",1.12977795285373,1.03753728785214,1.08991098399175,1.03753728785214,1.129102640104,1.1302635558752,1.12949489614155,-2.97580939923752,-2.07140338682502,-2.99528510999172,119,112,116,112
"1117",1117,"118",1.25616611339346,1.16157090459682,1.19965928700953,1.16157090459682,1.25488476213956,1.25630108101212,1.25705788749995,-2.67365812985802,-2.69181474158196,-2.84067681747298,143,131,138,131
"1118",1118,"119",1.3438641142666,1.2400701581073,1.29419103948378,1.2400701581073,1.34165392720569,1.34299801853219,1.34325235765087,-2.62341980512072,-1.94248775929014,-2.75920699108566,148,133,141,133
"1119",1119,"120",1.54403354758456,1.48936940520984,1.47112669111138,1.43045003331501,1.53911147889153,1.5439420420317,1.54561517179204,-0.785776704622885,-1.67972010660386,-1.88265706460418,100,83,91,82
"1120",1120,"121",1.60522000028515,1.56995829877923,1.52747494501468,1.50422985994985,1.60754004399874,1.6035873312736,1.61120811326652,-0.531073305502811,-1.47290722098695,-1.42963740274102,91,74,81,73
"1121",1121,"122",1.69553634518821,1.5915222186702,1.64378681771725,1.5138565925375,1.69466107451394,1.69323084766229,1.69128624977446,-1.09877242797802,-0.879267818388998,-1.80521614589835,84,63,75,62
"1122",1122,"123",1.83897295377986,1.73198325698908,1.80471100104345,1.62664563877327,1.83422255869124,1.83616420085711,1.83027443762169,-0.844196011145634,-0.339791226325579,-1.63131592366942,55,44,48,43
"1123",1123,"124",1.41908326638841,1.3177915706271,1.26575646838715,1.20382136523316,1.41568303241351,1.41833125463615,1.417483912585,-1.03259712193532,-2.21504306360034,-2.26592542657556,60,48,53,47
"1124",1124,"125",1.17744755494171,1.05718139492142,1.11908783455657,1.05718139492142,1.17645369042206,1.17740051185374,1.17665667707189,-2.271096435465,-1.49905963982339,-2.17429386762164,60,53,56,53
"1134",1134,"126",0.821219453224172,0.83150488342034,0.821219453224172,0.83150488342034,0.820347308238751,0.821219453224172,0.820523862450592,0.701809323584639,NA,0.704786996268141,33,32,33,32
"1135",1135,"127",1.11504857070797,1.11504857070797,1.11504857070797,1.11504857070797,1.11504857070797,1.11504857070797,1.11504857070797,NA,NA,NA,31,31,31,31
"1136",1136,"128",1.06022518476985,1.06022518476985,1.06022518476985,1.06022518476985,1.06022518476985,1.06022518476985,1.06022518476985,NA,NA,NA,26,26,26,26
"1137",1137,"129",1.02708046917411,1.04416881642847,1.02708046917411,1.04416881642847,1.02546527867232,1.02708046917411,1.02786686255055,0.580690160391687,NA,0.499496329343062,28,27,28,27
"1138",1138,"130",1.11746425099926,1.11746425099926,1.11746425099926,1.11746425099926,1.11746425099926,1.11746425099926,1.11746425099926,NA,NA,NA,36,36,36,36
"1139",1139,"131",1.26611951318114,1.26611951318114,1.26611951318114,1.26611951318114,1.26611951318114,1.26611951318114,1.26611951318114,NA,NA,NA,27,27,27,27
"1140",1140,"132",1.25299168394395,1.22597238899668,1.22928683962808,1.2316547694329,1.2474388443086,1.24948164031824,1.24394014224259,-0.224427776675659,-0.256391921260193,-0.113063376759918,23,19,20,18
"1141",1141,"133",1.27126425596091,1.3259187001619,1.42988918937819,1.42988918937819,1.26148400719097,1.25978656329869,1.25160713523462,0.570945890558474,1.02873006427198,1.1089894128033,10,9,8,8
"1142",1142,"134",1.16790724661952,1.16790724661952,1.16790724661952,1.16790724661952,1.16790724661952,1.16790724661952,1.16790724661952,NA,NA,NA,6,6,6,6
"1153",1153,"135",0,0,0,0,0,0,0,NA,NA,NA,1,1,1,1
"1155",1155,"136",1.66708479826382,1.32185746752229,1.7730822146677,1.42765285375726,1.638784099245,1.66501670137376,1.6368139336523,-0.911557724682652,0.615242915501847,-0.5052750155732,12,9,11,8
"1156",1156,"137",1.10048800823209,0.938535670025837,1.26046963562564,0.996532120479289,1.09504564717843,1.10100720074443,1.08513087892345,-0.80706316657609,0.935556078765721,-0.374307052784482,25,19,20,17
"1157",1157,"138",1.16241848547373,1.16241848547373,1.16241848547373,1.16241848547373,1.16241848547373,1.16241848547373,1.16241848547373,NA,NA,NA,6,6,6,6
"1158",1158,"139",1.08973068707176,1.08973068707176,1.08973068707176,1.08973068707176,1.08973068707176,1.08973068707176,1.08973068707176,NA,NA,NA,7,7,7,7
"1159",1159,"140",1.08973068707176,1.08973068707176,1.08973068707176,1.08973068707176,1.08973068707176,1.08973068707176,1.08973068707176,NA,NA,NA,7,7,7,7
"1160",1160,"141",3.16796269564314,1.03389237111227,1.03389237111227,1.03389237111227,3.1819134414329,3.19335996600414,3.18102920862216,-3.6299812091592,-3.80614583149548,-3.65619043761846,14,13,13,13
"1161",1161,"142",1.9009976708612,1.48217346931729,1.19591108829326,1.19591108829326,1.90099720586716,1.90321044470503,1.90763734586888,-4.1975444142568,-5.85063704228686,-6.3680228714229,65,63,62,62
"1162",1162,"143",1.97358514179387,1.51135141635364,1.1926872903528,1.18932289034539,1.97927861534763,1.97593498423991,1.98114699549276,-4.37268125799409,-6.6869897191332,-6.11411867703003,59,57,57,56
"1163",1163,"144",0.63737143401539,0.63737143401539,0.63737143401539,0.63737143401539,0.63737143401539,0.63737143401539,0.63737143401539,NA,NA,NA,8,8,8,8
"1164",1164,"145",0.636167332298424,0.646028834831328,0.636167332298424,0.646028834831328,0.633863476636066,0.636167332298424,0.635762968236004,0.333805318124161,NA,0.285484561934047,17,15,17,15
"1165",1165,"146",0.474516481059007,0.497518248447912,0.474516481059007,0.497518248447912,0.46664076350435,0.474516481059007,0.464997919742727,0.818006382769441,NA,0.84117869315346,7,6,7,6
"1167",1167,"147",0.515440966342063,0.515440966342063,0.515440966342063,0.515440966342063,0.515440966342063,0.515440966342063,0.515440966342063,NA,NA,NA,3,3,3,3
"1176",1176,"148",0.528824566180567,0.528824566180567,0,0,0.528824566180567,0,0,NA,NA,NA,2,2,1,1
"1177",1177,"149",0,0,0,0,0,0,0,NA,NA,NA,1,1,1,1
"1188",1188,"150",1.19895292702308,0.949972832941915,0.949972832941915,0.949972832941915,1.07503359422437,1.08236454859333,1.07953770962587,-1.10696402858413,-1.17583600547329,-1.14757360800834,4,3,3,3
"1189",1189,"151",1.22836301737605,1.14406719064636,1.17652326141251,1.14406719064636,1.22818090573328,1.22692577484307,1.22806003614093,-3.47285928984131,-2.81456152652996,-3.34588457060849,184,172,178,172
"1190",1190,"152",1.31750011177188,1.24000093177418,1.2996924019113,1.24000093177418,1.31917889146473,1.31742790067899,1.31696725039076,-3.00069065372763,-1.03733333184419,-2.78752603107374,109,104,107,104
"1191",1191,"153",1.44534070843641,1.34847508766437,1.42038985349894,1.34847508766437,1.44401786799217,1.44701650773468,1.44316740472885,-2.5628593082496,-1.27149374887468,-2.39932989571543,93,85,90,85
"1192",1192,"154",1.38787458555919,1.30608869267329,1.36669551361158,1.30608869267329,1.38371256236431,1.38681046555162,1.38420811460319,-1.58750859498569,-0.691155776539515,-1.54545954754622,102,86,96,86
"1193",1193,"155",1.47225034802162,1.39039916737413,1.39960234839806,1.32754114474011,1.46975629448477,1.47247950191401,1.46784730635914,-1.30054602533634,-1.98330488265425,-2.1437151663273,103,82,95,81
"1194",1194,"156",1.59202856503433,1.44922793886757,1.5264654867257,1.37787734978455,1.59014868057083,1.59039909169618,1.59257296622165,-1.58456882189396,-1.2994514308234,-2.44994472431299,94,72,86,71
"1195",1195,"157",1.57600109616493,1.39622278521929,1.48486329194082,1.31399328352176,1.56817201365722,1.57658558388785,1.57742227181358,-1.86476771178667,-1.6916956778005,-2.87671953181724,84,61,74,60
"1196",1196,"158",1.89905486148811,1.86147549241983,1.794806254982,1.71665888490872,1.89850650310347,1.8997517609949,1.88244709668747,-0.307550155484,-0.964946802439623,-1.16639146455876,33,27,28,26
"1197",1197,"159",1.28167355456246,1.10298163112221,1.20091167292643,1.10298163112221,1.28057897411922,1.27939838152397,1.28032024627824,-2.84805891209178,-1.83365989373587,-2.80475698983949,48,42,45,42
"1198",1198,"160",1.21453721987629,1.03568334114618,1.20103449748554,1.03568334114618,1.21288236959588,1.21431042671602,1.21262620510697,-2.54765921451202,-0.24309379040303,-2.62706346710099,32,29,30,29
"1207",1207,"161",1.14397497702348,1.14397497702348,1.14397497702348,1.14397497702348,1.14397497702348,1.14397497702348,1.14397497702348,NA,NA,NA,50,50,50,50
"1208",1208,"162",1.30236374103504,1.30236374103504,1.30236374103504,1.30236374103504,1.30236374103504,1.30236374103504,1.30236374103504,NA,NA,NA,53,53,53,53
"1209",1209,"163",1.39925562955889,1.39925562955889,1.39925562955889,1.39925562955889,1.39925562955889,1.39925562955889,1.39925562955889,NA,NA,NA,44,44,44,44
"1210",1210,"164",1.03943438414723,1.03943438414723,1.03943438414723,1.03943438414723,1.03943438414723,1.03943438414723,1.03943438414723,NA,NA,NA,47,47,47,47
"1211",1211,"165",1.05879686154559,1.05879686154559,1.05879686154559,1.05879686154559,1.05879686154559,1.05879686154559,1.05879686154559,NA,NA,NA,43,43,43,43
"1212",1212,"166",1.12042217589115,1.10232730578354,1.11979529193364,1.10232730578354,1.1224978108931,1.12137895883122,1.11942124878854,-0.554919656892746,-0.0615861283726109,-0.445678629427987,45,43,44,43
"1214",1214,"167",0,0,NA,NA,0,NA,NA,NA,NA,NA,1,1,0,0
"1225",1225,"168",2.21609147527048,1.06422953349256,1.16153600298477,1.04833212261891,2.20171076625793,2.20505958279599,2.19782964863345,-3.88206522393706,-4.99455844807902,-3.41922946941874,56,40,47,37
"1226",1226,"169",1.83344389578827,0.992023296731405,1.0979889953002,0.973668304604352,1.83760172587227,1.82625503243534,1.81671123267933,-3.89369531301273,-4.74105551893242,-3.30477229115897,66,49,57,45
"1227",1227,"170",1.50285093769795,0.990096324963849,0.960955574446579,0.963565449933789,1.50962083182766,1.50032768912628,1.50378684799753,-3.27535528698857,-2.9407339486828,-2.33236241951738,40,35,34,31
"1228",1228,"171",1.46057391719734,1.05154220995426,1.35331071899446,1.05140567457417,1.45822942876597,1.46130807434464,1.46717495520575,-3.13829563196081,-1.30381314236459,-2.63591392645608,65,53,59,48
"1229",1229,"172",1.21033528176434,0.870023274440766,1.305286908549,0.888672808883846,1.21916975920331,1.2162494163963,1.21596229788675,-2.38314706574372,0.951196605263895,-1.88602783221996,52,40,46,37
"1230",1230,"173",0.852355831654971,0.942088293890538,0.946844323952858,0.999085229638755,0.854645788421393,0.848244861713143,0.845904449794525,1.0757142234188,1.05516604373273,1.33290928681286,28,23,22,20
"1231",1231,"174",1.65657135404828,0.928065612040265,0.943899739883096,0.943899739883096,1.6565748202402,1.67076651214287,1.6590689843562,-5.50918742631711,-3.38627497518579,-3.06207562456104,37,36,34,34
"1232",1232,"175",1.80063863794993,1.18823096177929,1.18823096177929,1.18823096177929,1.80770890396889,1.80694669144461,1.80084101239179,-4.40795899914007,-4.38476490901711,-3.95322163832446,42,40,40,40
"1233",1233,"176",2.02611548620477,1.71465149414415,1.4692284811856,1.47247295536885,2.02712987987365,2.0247903860812,2.03135742754487,-3.04439173977345,-5.30814831463208,-4.94942033652834,87,84,84,83
"1234",1234,"177",1.93707241484915,1.66455712449683,1.43235276557168,1.43646987595246,1.94356471349974,1.93134523354606,1.94521998685039,-2.29805438229458,-5.13113830016529,-3.83045628124307,95,89,92,88
"1235",1235,"178",1.44972153812998,1.47216735985715,1.11182095675135,1.11162546241747,1.44960323024705,1.44906785514387,1.45801168228137,0.231892111447569,-6.4659047720101,-3.52537072976708,56,53,55,52
"1236",1236,"179",1.04412954999906,1.10665117818509,1.04412954999906,1.10665117818509,1.05252585374604,1.04412954999906,1.04985817747838,0.345477666376186,NA,0.353189068793694,19,17,19,17
"1237",1237,"180",1.03445283947341,1.09999300621468,1.03445283947341,1.09999300621468,1.03865295812229,1.03445283947341,1.03813251410186,0.370211652755367,NA,0.371002078612928,19,17,19,17
"1238",1238,"181",0.524775775110457,0.524775775110457,0.524775775110457,0.524775775110457,0.524775775110457,0.524775775110457,0.524775775110457,NA,NA,NA,3,3,3,3
"1240",1240,"182",0,0,0,0,0,0,0,NA,NA,NA,1,1,1,1
"1243",1243,"183",0,0,0,0,0,0,0,NA,NA,NA,1,1,1,1
"1260",1260,"184",0,0,0,0,0,0,0,NA,NA,NA,1,1,1,1
"1261",1261,"185",1.32537569851324,1.13130645920128,1.22901271731495,1.11586892207372,1.32614018474947,1.32347562419588,1.32677244966412,-2.97042161613544,-1.57579156451138,-2.95697099515586,60,51,53,50
"1262",1262,"186",1.28536263049243,1.20188655025451,1.23105455276241,1.19916933158377,1.28468804855096,1.28481823981068,1.28717442941427,-3.4910522614299,-2.63839974697476,-3.87131999702387,212,198,201,197
"1263",1263,"187",1.41032219880265,1.3717369389244,1.36949451373245,1.3717369389244,1.41104660147562,1.4097011655037,1.40969416344908,-1.17546569046616,-1.52784511061883,-1.12215269711722,100,92,95,92
"1264",1264,"188",1.42046362689323,1.3871590247502,1.38446978786723,1.3871590247502,1.42003482357635,1.42050974691387,1.42072497417971,-1.0777529416043,-1.41413691727471,-1.10058822770579,105,98,100,98
"1265",1265,"189",1.56089627644484,1.46327087999112,1.50617963716232,1.41806218712152,1.56151043140206,1.56010150604485,1.55817560722836,-2.33348027062205,-1.68217438682512,-3.07982348367566,121,106,112,105
"1266",1266,"190",1.61274124694469,1.51893053837618,1.56489409468827,1.47251637262817,1.6115526848615,1.61220722630209,1.61082127569181,-1.56524147888889,-1.26492052733803,-2.23074894124585,128,104,117,103
"1267",1267,"191",1.53518837069608,1.37995891611609,1.45969799205053,1.32421698602404,1.5330180520488,1.53521519651438,1.53313714241942,-2.33371521248341,-1.97256919676067,-3.3153558559042,114,92,105,91
"1268",1268,"192",1.54494472819242,1.31977317609119,1.42791952922485,1.24013855606393,1.54411029502917,1.54415861077756,1.54258748886225,-2.7101256962453,-2.34410330178055,-3.49383990578238,79,60,71,59
"1269",1269,"193",1.66056232968229,1.3984980423477,1.66656123070974,1.3984980423477,1.65503882438886,1.65794422096723,1.65442386967643,-2.52875676342765,0.12687495867751,-2.56062030607402,46,38,42,38
"1270",1270,"194",1.03042383517177,0.983541173104756,0.983541173104756,0.983541173104756,1.02781318040438,1.02857075402218,1.0263260246319,-0.939395817030904,-0.955322627767969,-0.875328033185848,18,16,16,16
"1279",1279,"195",1.23996815896362,1.23996815896362,1.23996815896362,1.23996815896362,1.23996815896362,1.23996815896362,1.23996815896362,NA,NA,NA,39,39,39,39
"1280",1280,"196",1.19443424922692,1.19443424922692,1.19443424922692,1.19443424922692,1.19443424922692,1.19443424922692,1.19443424922692,NA,NA,NA,41,41,41,41
"1281",1281,"197",1.13730279936938,1.13730279936938,1.13730279936938,1.13730279936938,1.13730279936938,1.13730279936938,1.13730279936938,NA,NA,NA,45,45,45,45
"1282",1282,"198",1.32019133953476,1.32019133953476,1.32019133953476,1.32019133953476,1.32019133953476,1.32019133953476,1.32019133953476,NA,NA,NA,40,40,40,40
"1283",1283,"199",1.21887785796553,1.21887785796553,1.21887785796553,1.21887785796553,1.21887785796553,1.21887785796553,1.21887785796553,NA,NA,NA,65,65,65,65
"1284",1284,"200",1.24876724487301,1.24876724487301,1.24876724487301,1.24876724487301,1.24876724487301,1.24876724487301,1.24876724487301,NA,NA,NA,60,60,60,60
"1285",1285,"201",1.14547995912021,1.14056826628152,1.14642794809522,1.14056826628152,1.14362779840294,1.14501688898118,1.14607045982504,-0.0697901668128361,0.0561943266783632,-0.136287071607989,55,52,54,52
"1286",1286,"202",1.40924411155213,1.40882221001261,1.40882221001261,1.40882221001261,1.40723011979591,1.40931659980528,1.41050436518946,0.0184803967291775,-0.00577839839834744,-0.0201903508668426,21,20,20,20
"1289",1289,"203",0.852122515294288,0,0.852122515294288,0,0,0.852122515294288,0,NA,NA,NA,2,1,2,1
"1292",1292,"204",0,0,0,0,0,0,0,NA,NA,NA,1,1,1,1
"1297",1297,"205",2.29551348799246,1.06323153558785,1.16613867218498,1.04868153334397,2.26695116502029,2.28794924383591,2.27794467116169,-3.82510593907395,-5.2357747764405,-3.61561137318967,53,37,45,35
"1298",1298,"206",2.0718076787671,1.04252273864691,1.13238950114364,1.02776503718874,2.06758537399537,2.06428515295989,2.06835349756141,-3.80872687775912,-5.53656723286278,-3.51767419331843,63,45,54,42
"1299",1299,"207",2.32492463411258,1.08062560435347,1.18587379586387,1.0654430643348,2.30411041749847,2.32269894450476,2.31328626638656,-3.32217976544805,-5.25418873758117,-3.16578681071656,51,33,43,31
"1300",1300,"208",1.92903722640182,1.02028588163649,1.12492358147339,1.0008930901725,1.91592329220848,1.93199840907275,1.92028881807999,-3.35838846387918,-5.88517467029942,-3.37536844980148,54,37,48,36
"1301",1301,"209",1.83656631977401,1.01052784372426,1.28693667093675,1.00977978487664,1.83058174587963,1.83056355472451,1.82753480866428,-4.10717632080396,-5.34284929637285,-3.9224968201766,77,55,70,53
"1302",1302,"210",1.22059017767571,0.904690700974192,1.23097496683333,0.908050383477436,1.22452714601518,1.22183661166793,1.22198482478792,-2.81700215998108,0.21568476632472,-2.41107781748331,42,36,41,35
"1303",1303,"211",1.04361813578131,1.00417777721137,1.06045083022686,1.02090014653828,1.04717074786219,1.04339534522754,1.04515537320791,-1.23003581330813,0.575248763112453,-0.498860163953432,75,70,72,67
"1304",1304,"212",1.99148559522764,1.65252972344841,1.40904291604179,1.40904291604179,1.98933106877617,1.99074257982244,2.00041413995821,-3.52496606944544,-3.92806078756142,-4.48397054898568,85,83,80,80
"1305",1305,"213",2.02562115517265,1.70022146402688,1.45546309639748,1.45546309639748,2.02463239673057,2.02302762101868,2.02520586346896,-3.68118260503537,-5.1741531134972,-5.2265061834464,86,84,83,83
"1306",1306,"214",2.0089657973808,1.70398339902057,1.46533437346284,1.46735114757442,2.01537957297485,2.01280576597435,2.01134703843874,-3.50992188992158,-5.91328258522531,-4.82361574861129,89,86,86,85
"1307",1307,"215",1.57066637456617,1.59408906889388,1.57460118564857,1.59408906889388,1.57021981899067,1.57188696350705,1.57058901781364,0.226953243259218,0.0491071852733486,0.225412006877167,61,58,60,58
"1308",1308,"216",2.12425494188853,2.27679419548001,1.19361518590406,1.25727901424385,2.14274117209115,2.12695530616972,2.14999806516589,0.429126550134498,-4.41928698874532,-2.33706921161166,23,21,22,20
"1309",1309,"217",0.423422807260177,0.423422807260177,0.423422807260177,0.423422807260177,0.423422807260177,0.423422807260177,0.423422807260177,NA,NA,NA,4,4,4,4
"1311",1311,"218",0,0,NA,NA,0,NA,NA,NA,NA,NA,1,1,0,0
"1333",1333,"219",0,NA,0,NA,NA,0,NA,NA,NA,NA,1,0,1,0
"1334",1334,"220",1.26699163099977,1.04678311958549,1.1695319523738,1.02599499349338,1.26868343416116,1.26249936236887,1.26335681468104,-2.78179655509283,-1.37498529650478,-2.76570798550002,50,43,45,42
"1335",1335,"221",1.26400365692956,1.20306584639623,1.21554338136318,1.18701418629874,1.26470217714125,1.26431286168842,1.26339810503175,-2.94751154469729,-2.70207817035125,-3.28324992272517,218,207,209,204
"1336",1336,"222",1.34056045694177,1.26342035021822,1.29528990660318,1.25279117921819,1.3401983174731,1.34131267998639,1.34066778782981,-3.75649299055289,-2.51739235201989,-3.98491784649893,158,152,153,151
"1337",1337,"223",1.36950677668663,1.27482290991666,1.34226061428452,1.27482290991666,1.36922156115545,1.36836914911421,1.3708504548015,-3.00230556009836,-1.03371703010882,-3.07099707643831,101,96,98,96
"1338",1338,"224",1.41502839268863,1.32441577746489,1.38434325509268,1.32441577746489,1.41518207133349,1.41482848547318,1.41462891918171,-2.56670973852441,-1.12430539489877,-2.70131591764402,113,107,109,107
"1339",1339,"225",1.38106641429385,1.2712763922824,1.34166064228132,1.2712763922824,1.3814111973843,1.38203285997647,1.38037981205125,-2.93308180976442,-1.43411843559234,-2.94829867784119,94,88,90,88
"1340",1340,"226",1.4277627237756,1.27214308441698,1.34121309095988,1.20180005491897,1.42838929010591,1.42597699541603,1.42821693284487,-3.74968391400041,-2.49178265790578,-4.7029941704888,81,76,78,75
"1341",1341,"227",1.56565232164096,1.44484842109348,1.46180349600979,1.36156624897172,1.5627468994521,1.56157371437923,1.56274335564132,-2.26699609993842,-2.09399934113807,-3.38557538853802,61,57,58,56
"1349",1349,"228",1.60113574810243,1.24870919898159,1.23885390466257,1.24870919898159,1.59575931883845,1.5985626066419,1.59662897131713,-3.25114652034736,-4.17013000886314,-3.24233628748482,37,34,35,34
"1350",1350,"229",1.2920816415874,1.08911451967642,1.08770051170836,1.08911451967642,1.29325383547834,1.29156859827952,1.29252331226944,-2.9318280280032,-3.98763282959253,-2.90169065568479,38,36,37,36
"1352",1352,"230",1.54858564455972,1.41095570588624,1.39835317367245,1.40676998059232,1.54915674695159,1.54709065143066,1.54602086924281,-2.68649096620938,-2.77697770419788,-2.06885149502521,53,51,51,50
"1353",1353,"231",1.43410455287089,1.28362051276002,1.27473792830345,1.28362051276002,1.43344769773579,1.43567818260863,1.43466749536571,-2.5581359563773,-4.14048991275082,-2.6032559246011,50,48,49,48
"1354",1354,"232",1.24875161484264,1.24875161484264,1.24875161484264,1.24875161484264,1.24875161484264,1.24875161484264,1.24875161484264,NA,NA,NA,47,47,47,47
"1355",1355,"233",1.23754259449998,1.23754259449998,1.23754259449998,1.23754259449998,1.23754259449998,1.23754259449998,1.23754259449998,NA,NA,NA,47,47,47,47
"1356",1356,"234",1.18959048977699,1.18959048977699,1.18959048977699,1.18959048977699,1.18959048977699,1.18959048977699,1.18959048977699,NA,NA,NA,61,61,61,61
"1357",1357,"235",1.18177069999905,1.18177069999905,1.18177069999905,1.18177069999905,1.18177069999905,1.18177069999905,1.18177069999905,NA,NA,NA,68,68,68,68
"1358",1358,"236",1.14443845120068,1.15558399818396,1.14443845120068,1.15558399818396,1.14423230511833,1.14443845120068,1.14384078847106,0.343687905320559,NA,0.362672954201253,56,54,56,54
"1359",1359,"237",0.88751533287195,0.81785536291528,0.81785536291528,0.81785536291528,0.885483002826937,0.884165192499433,0.884861406205035,-1.63945326109837,-1.57862884355688,-1.61230445975406,14,13,13,13
"1360",1360,"238",0.633659482672426,0.633659482672426,0.633659482672426,0.633659482672426,0.633659482672426,0.633659482672426,0.633659482672426,NA,NA,NA,8,8,8,8
"1365",1365,"239",0,0,0,0,0,0,0,NA,NA,NA,1,1,1,1
"1370",1370,"240",2.02965551503224,1.02777252439446,1.11755939848272,1.01225904513291,2.03281682141889,2.0226328119801,2.02136513124379,-3.85704682437735,-5.07734422056205,-3.54905613331198,65,47,55,43
"1371",1371,"241",1.98115690765447,1.04039066340757,1.11924930665692,1.02657174127363,1.98613018054033,1.97789105705444,1.97925753724188,-4.19138589888084,-5.62560338060868,-3.59974268516779,68,50,59,47
"1372",1372,"242",1.99494117470301,1.07027564750504,1.17679322985247,1.05801271062654,2.00037847099254,1.99095872445556,1.97318940072225,-3.34064797043558,-5.59969234636808,-3.16632046791344,52,35,46,34
"1373",1373,"243",1.82720533757062,0.972486034716944,1.07960606789052,0.953365832052882,1.81597431464209,1.83044760165971,1.81125801633576,-3.40820144366491,-6.22187193642181,-3.34253639740147,59,41,53,40
"1374",1374,"244",1.7586985842417,1.00411024809784,1.24450600841799,0.998372940800509,1.76758414206688,1.75206191648482,1.75941109290171,-4.40141324475069,-5.64824976478725,-4.19653181202202,87,62,79,61
"1375",1375,"245",1.45095987578896,0.951135494371882,1.47752413887282,0.963016852494624,1.45008410376991,1.45134285892149,1.45589570222121,-2.936607584651,0.320983392832051,-2.62287261769049,28,24,27,23
"1376",1376,"246",1.36703816222611,1.04357107246304,1.37386522685797,1.05009975353136,1.37031178041006,1.36887216958414,1.37072638310869,-2.77171897023212,0.069654199059834,-2.30601937326894,55,46,51,43
"1377",1377,"247",1.48172983944882,1.48172983944882,1.51262774429459,1.51262774429459,1.48172983944882,1.47958893996209,1.48483375819151,NA,0.323405778143421,0.305447338686131,22,22,21,21
"1385",1385,"248",0,0,NA,NA,0,NA,NA,NA,NA,NA,1,1,0,0
"1406",1406,"249",1.4815237792406,1.30487106601584,1.4223090259676,1.20162498145176,1.47808447649614,1.47931059836765,1.46694986320907,-1.53778380515125,-0.502745249879733,-1.58027271797046,18,16,16,14
"1407",1407,"250",1.20365832697073,1.02672613818679,1.16060055496276,0.993040860588569,1.19919398983961,1.20358275628851,1.20658177348398,-3.37714450450231,-1.79278782736869,-3.99823768967916,91,80,88,78
"1408",1408,"251",1.18396036237792,1.07482790523933,1.12112041332421,1.04811032813259,1.18618295699677,1.18393751716337,1.18414721061282,-4.69219104963746,-3.12291757984503,-4.63191459683642,159,151,153,148
"1409",1409,"252",1.30515895111766,1.18921400311371,1.24863580129269,1.1739065459366,1.30528872395773,1.30547222488513,1.3045532490223,-4.63944428607007,-2.52139388603179,-4.53287321573424,153,144,146,142
"1410",1410,"253",1.37905849479232,1.262610647893,1.34162188079687,1.24829528525264,1.37878321574394,1.37828575722523,1.37841682461657,-4.52138456233209,-1.54882511740759,-4.57609815721334,146,139,140,137
"1411",1411,"254",1.3146723411497,1.2233934823512,1.26225943196612,1.2047099385919,1.31481327912622,1.31448241740883,1.31427566010059,-3.74731312911151,-2.10407970031987,-3.9349046228358,121,115,115,113
"1412",1412,"255",1.29352436578121,1.18483874368615,1.25832237239835,1.18483874368615,1.29332970971988,1.29390958200416,1.29321110660129,-3.17702457306758,-1.34651633284402,-3.3135994682318,92,87,89,87
"1413",1413,"256",1.35693045079425,1.23789109532007,1.33161349111711,1.23789109532007,1.35818362349319,1.35580341800577,1.3578612373491,-2.86969803659342,-0.804024444637564,-2.89730829665398,71,67,69,67
"1421",1421,"257",1.50123637937001,1.21636236606339,1.21014516011883,1.21636236606339,1.50236489904626,1.50025516118356,1.50312775787405,-3.51952891530752,-4.35103162507149,-3.68248662159066,45,42,43,42
"1422",1422,"258",1.44938602571211,1.18011022623438,1.17426933326558,1.18011022623438,1.44858074603345,1.44408749595043,1.45044536284401,-3.68685341086362,-4.17824894065538,-3.62736792215344,48,45,46,45
"1423",1423,"259",1.46639054798853,1.19102758849556,1.18532393408856,1.19102758849556,1.46737804116909,1.4631955392978,1.463374380894,-3.60115691902876,-4.34562080440284,-3.4124794680164,47,44,45,44
"1424",1424,"260",1.49678730985621,1.34984425655456,1.34136689104921,1.34984425655456,1.49593571963996,1.4960978443642,1.49794755186919,-2.55772157300751,-3.67947180623228,-2.57708394586127,49,47,48,47
"1425",1425,"261",1.38741671721798,1.27212360852891,1.2626890730791,1.27212360852891,1.3875183671121,1.38839316002123,1.38762336193012,-2.1668432676584,-4.35290415044952,-2.15922543666668,61,58,60,58
"1426",1426,"262",1.34659216611976,1.22878121866939,1.22054567969916,1.22878121866939,1.35054646189604,1.34605814515405,1.34716797685077,-2.3815205377509,-4.06869740250631,-2.2345987152251,60,57,59,57
"1427",1427,"263",1.15773874296552,1.15773874296552,1.15773874296552,1.15773874296552,1.15773874296552,1.15773874296552,1.15773874296552,NA,NA,NA,46,46,46,46
"1428",1428,"264",1.14469357459664,1.14469357459664,1.14469357459664,1.14469357459664,1.14469357459664,1.14469357459664,1.14469357459664,NA,NA,NA,43,43,43,43
"1429",1429,"265",1.28756105144508,1.28756105144508,1.28756105144508,1.28756105144508,1.28756105144508,1.28756105144508,1.28756105144508,NA,NA,NA,38,38,38,38
"1430",1430,"266",1.02333943713713,1.02333943713713,1.02333943713713,1.02333943713713,1.02333943713713,1.02333943713713,1.02333943713713,NA,NA,NA,34,34,34,34
"1431",1431,"267",1.05312617001882,1.03756966200072,1.05312617001882,1.03756966200072,1.0506779305678,1.05312617001882,1.05250828318479,-0.29861425014507,NA,-0.359077175737547,29,28,29,28
"1432",1432,"268",1.08163988544242,1.08163988544242,1.08163988544242,1.08163988544242,1.08163988544242,1.08163988544242,1.08163988544242,NA,NA,NA,22,22,22,22
"1433",1433,"269",0.756202734307009,0.756202734307009,0.756202734307009,0.756202734307009,0.756202734307009,0.756202734307009,0.756202734307009,NA,NA,NA,10,10,10,10
"1434",1434,"270",0.82393524819593,0.82393524819593,0.82393524819593,0.82393524819593,0.82393524819593,0.82393524819593,0.82393524819593,NA,NA,NA,3,3,3,3
"1438",1438,"271",0,0,0,0,0,0,0,NA,NA,NA,1,1,1,1
"1439",1439,"272",1.90872504474489,1.22024610156412,1.44842517056867,1.22024610156412,1.91027560892851,1.91123148369497,1.90453232685435,-3.05427374643617,-3.51518056381691,-2.91166133322701,34,29,32,29
"1440",1440,"273",1.3656598314186,1.1353569857991,1.3656598314186,1.1353569857991,1.3621535171224,1.3656598314186,1.36518538775659,-2.41773882092586,NA,-2.56065086562282,26,24,26,24
"1442",1442,"274",0.649835446966979,0.649835446966979,0.720417699487669,0.720417699487669,0.649835446966979,0.642546545768406,0.64036686519915,NA,0.934275534634763,0.981318906477208,9,9,7,7
"1443",1443,"275",2.15185001279725,1.01333353329169,1.17959186872457,0.999172987774225,2.1413207070893,2.14653353959514,2.15478321500096,-4.22639827468436,-5.61723868834358,-4.2080145319866,68,48,58,46
"1444",1444,"276",2.13022958939369,1.06283750742818,1.14603172542309,1.05414139762265,2.11565748515837,2.13279347275505,2.1201371738576,-4.14441703027632,-6.58482634057441,-4.21436404707824,66,48,58,47
"1445",1445,"277",2.05577678001424,1.03556554556018,1.04150820887215,1.04150820887215,2.05821651188163,2.04472226308445,2.05872128467556,-3.61546251260671,-2.86652067056462,-2.99759593823709,26,23,22,22
"1446",1446,"278",2.17712888361349,1.14890272258626,1.25250442224604,1.13574312267075,2.17133769092004,2.17694233976566,2.16008147341417,-2.92465420673619,-5.53710007443676,-2.73551110418269,45,27,39,26
"1447",1447,"279",1.82823149966939,0.981206769873125,1.17952592994547,0.967978007308145,1.82975564909746,1.82088404565593,1.83144491909601,-4.09955143432651,-5.52294427816057,-4.12864259233334,76,51,66,50
"1448",1448,"280",1.62935645615666,1.41363234325358,1.20299911798003,1.25959511014483,1.62432481700604,1.62312476840797,1.62619684980346,-1.38417105079336,-3.10753601244744,-2.0427812766093,44,34,36,32
"1449",1449,"281",1.33796345782537,1.1308504093825,1.10182137215098,1.1378430074559,1.33430183837692,1.3379223040357,1.32474126092013,-1.47769302837063,-1.97408099787591,-1.20716014922508,34,28,29,27
"1450",1450,"282",0.574541389014057,0.574541389014057,0.65647692888605,0.65647692888605,0.574541389014057,0.488814108071555,0.481683009957845,NA,0.889636074854208,0.909183128817257,3,3,2,2
"1451",1451,"283",0,0,NA,NA,0,NA,NA,NA,NA,NA,1,1,0,0
"1454",1454,"284",0.204316284557693,0.204316284557693,0,0,0.204316284557693,0,0,NA,NA,NA,2,2,1,1
"1455",1455,"285",0.385581928499949,0.385581928499949,0.445229535262033,0.445229535262033,0.385581928499949,0.335678293874315,0.336339604232163,NA,1.10481348101853,1.09358654870004,3,3,2,2
"1456",1456,"286",0.222664308394498,0.222664308394498,0,0,0.222664308394498,0,0,NA,NA,NA,2,2,1,1
"1458",1458,"287",0,0,NA,NA,0,NA,NA,NA,NA,NA,1,1,0,0
"1478",1478,"288",1.39466696110938,1.32869719376432,1.22522912297285,1.24745218330124,1.3896736127207,1.38852993153507,1.38508799364288,-0.779619113412539,-2.13646737445765,-1.37703784823686,26,22,22,20
"1479",1479,"289",1.35042721321593,1.12818117909201,1.29615506858309,1.09161710520395,1.34764974255353,1.34992252200277,1.34978385500277,-3.63884012273642,-1.42752365298242,-4.00052226004593,73,64,69,62
"1480",1480,"290",1.2812839413456,1.07519173833651,1.23316536309593,1.03680707243008,1.28083914590948,1.27896584613809,1.28111704937198,-3.43744942386163,-1.3658065876301,-3.76838736357876,75,66,72,64
"1481",1481,"291",1.39137501940434,1.20517538577142,1.37064724702392,1.17352351257571,1.3895915960149,1.39032305049001,1.38491379622993,-2.65116620167607,-0.415824733768344,-2.32112575623974,24,22,23,21
"1482",1482,"292",1.33901806363242,1.1443034334901,1.25859027365092,1.11638403642979,1.3379163896251,1.33757904977414,1.34033154045298,-4.55493793986733,-2.26414467022535,-4.48901364818869,92,83,86,81
"1483",1483,"293",1.19760273116738,1.01449598773092,1.08544486926319,0.968149851055428,1.19751425476853,1.19670104671881,1.19742169767185,-4.93231136645285,-3.02982562672155,-4.80514256891326,64,60,60,58
"1484",1484,"294",1.29695567515491,1.1369974793078,1.20670446054832,1.09678267344142,1.29516225741002,1.2977321368937,1.29747660082941,-3.20180867043839,-1.86690090548175,-3.61976993814411,67,61,61,59
"1485",1485,"295",0,0,0,0,0,0,0,NA,NA,NA,1,1,1,1
"1493",1493,"296",1.2563527898753,0.995926265282868,0.995926265282868,0.995926265282868,1.2555562145359,1.25870966197964,1.25479671157497,-4.46944632633968,-4.80809397377784,-4.32234730708365,27,26,26,26
"1494",1494,"297",1.22344030750983,0.972737497443542,0.972737497443542,0.972737497443542,1.22483449831004,1.22271968032605,1.22345511776437,-4.91794008557145,-4.58061737175468,-4.60675509230116,29,28,28,28
"1495",1495,"298",0.913082779161374,0.913082779161374,0.913082779161374,0.913082779161374,0.913082779161374,0.913082779161374,0.913082779161374,NA,NA,NA,21,21,21,21
"1496",1496,"299",0.966742598962387,0.966742598962387,0.966742598962387,0.966742598962387,0.966742598962387,0.966742598962387,0.966742598962387,NA,NA,NA,16,16,16,16
"1497",1497,"300",0.975595921951164,0.975595921951164,0.975595921951164,0.975595921951164,0.975595921951164,0.975595921951164,0.975595921951164,NA,NA,NA,17,17,17,17
"1498",1498,"301",1.01026312578872,1.01026312578872,1.01026312578872,1.01026312578872,1.01026312578872,1.01026312578872,1.01026312578872,NA,NA,NA,24,24,24,24
"1499",1499,"302",0.862565921837425,0.862565921837425,0.862565921837425,0.862565921837425,0.862565921837425,0.862565921837425,0.862565921837425,NA,NA,NA,21,21,21,21
"1500",1500,"303",0.836091925292747,0.836091925292747,0.836091925292747,0.836091925292747,0.836091925292747,0.836091925292747,0.836091925292747,NA,NA,NA,16,16,16,16
"1501",1501,"304",1.14218731467223,1.14218731467223,1.14218731467223,1.14218731467223,1.14218731467223,1.14218731467223,1.14218731467223,NA,NA,NA,18,18,18,18
"1502",1502,"305",0.859068859499406,0.859068859499406,0.859068859499406,0.859068859499406,0.859068859499406,0.859068859499406,0.859068859499406,NA,NA,NA,12,12,12,12
"1503",1503,"306",1.21050592869346,1.21050592869346,1.21050592869346,1.21050592869346,1.21050592869346,1.21050592869346,1.21050592869346,NA,NA,NA,16,16,16,16
"1504",1504,"307",1.07353863146979,1.07353863146979,1.07353863146979,1.07353863146979,1.07353863146979,1.07353863146979,1.07353863146979,NA,NA,NA,25,25,25,25
"1505",1505,"308",0.916486926478556,0.916486926478556,0.916486926478556,0.916486926478556,0.916486926478556,0.916486926478556,0.916486926478556,NA,NA,NA,20,20,20,20
"1506",1506,"309",0.810514437470091,0.810514437470091,0.810514437470091,0.810514437470091,0.810514437470091,0.810514437470091,0.810514437470091,NA,NA,NA,10,10,10,10
"1507",1507,"310",0.931789911034671,0.931789911034671,0.931789911034671,0.931789911034671,0.931789911034671,0.931789911034671,0.931789911034671,NA,NA,NA,4,4,4,4
"1511",1511,"311",2.03552442473086,1.15658405079495,1.4402766450865,1.15658405079495,2.03633581292319,2.03736179401113,2.05157726914706,-3.09797550434365,-3.15301746170441,-3.2795534190168,27,23,25,23
"1512",1512,"312",1.94960305496892,1.12060032014948,1.39348111405875,1.12060032014948,1.95592984868069,1.95528316174682,1.9570421103904,-2.8884674481684,-3.33578510630739,-2.91014235264442,29,24,27,24
"1513",1513,"313",1.15402176402714,1.12312702444728,1.15402176402714,1.12312702444728,1.15001134812025,1.15402176402714,1.15121862376563,-0.336185637311404,NA,-0.335518557069531,10,9,10,9
"1515",1515,"314",1.06355945302258,1.06355945302258,1.13124932584779,1.13124932584779,1.06355945302258,1.06342539842463,1.06478443944492,NA,0.480322020499281,0.479494988183847,13,13,11,11
"1516",1516,"315",1.97686643173147,1.04937294108485,1.21631379065831,1.04145950837983,1.9870582250523,1.97885340038393,1.97981099461875,-3.99442351284245,-5.6207437639865,-3.94435378007472,67,49,59,48
"1517",1517,"316",1.87896537464384,1.03394096650821,1.17183170088026,1.03373935667766,1.87586589115304,1.87749096923459,1.88324546824373,-3.54142520849696,-3.49166850990408,-3.30566656456577,42,34,36,33
"1518",1518,"317",1.75193146182399,1.01346620061955,1.01259878283906,1.01259878283906,1.75598095203879,1.75042880924292,1.75961996016852,-3.90996785890383,-3.53252901559414,-3.51655426172513,41,36,35,35
"1520",1520,"318",1.17317531214531,0.840183069842249,1.13019961117767,0.837066845428683,1.16494742601621,1.16801883548343,1.16762873095113,-2.45693095262329,-0.428273847957424,-2.27835581639836,22,18,20,17
"1521",1521,"319",1.76905376945928,1.29574763695784,1.25608709732323,1.14369531826606,1.75599365719323,1.77285451735132,1.76156782808315,-2.05042907417576,-2.7856439090034,-2.53059104215737,51,34,38,32
"1522",1522,"320",1.49421702068165,1.18943678689346,1.18207804351045,1.20539765180337,1.49623360126883,1.48719444458148,1.49231704225532,-1.76604029176367,-1.78330757195961,-1.45981438822451,25,21,21,20
"1525",1525,"321",0,0,NA,NA,0,NA,NA,NA,NA,NA,1,1,0,0
"1526",1526,"322",0.628616954826041,0.0673871755392516,0.688332870464581,0,0.499311293422154,0.492675073081139,0,-1.44772188744068,0.649626780206835,NA,3,2,2,1
"1538",1538,"323",0,0,0,0,0,0,0,NA,NA,NA,1,1,1,1
"1539",1539,"324",0,0,0,0,0,0,0,NA,NA,NA,1,1,1,1
"1548",1548,"325",1.54229708013313,1.34199190950424,1.00238681329064,1.00238681329064,1.53516527345662,1.48615402867354,1.49039059414951,-2.16634537424921,-2.23107940763503,-2.23926317543414,10,9,6,6
"1549",1549,"326",1.42598422400941,1.28006569119102,1.11109126146063,1.11109126146063,1.42360027086882,1.41321769190814,1.41107681302174,-2.30887178534489,-2.22609705213639,-2.15097120330037,16,15,12,12
"1550",1550,"327",1.37189845000477,1.15233299439637,1.22918613837074,1.09889882805628,1.37144092450598,1.37159237859598,1.36866379216605,-4.6406471997408,-2.46202130680457,-4.10034139589558,43,40,39,38
"1551",1551,"328",1.32008349866385,1.17432777609424,1.23092336955849,1.12595019457728,1.3196470149817,1.31815443137999,1.31906413593654,-2.84539423669103,-1.92844602854477,-2.9521452935161,49,44,45,42
"1552",1552,"329",1.26789625488718,1.11417399421048,1.17214841038284,1.06208798338337,1.2675437990629,1.26836651013218,1.26604818538706,-2.96787098252846,-2.10564066795205,-3.35230380589443,50,45,46,43
"1553",1553,"330",1.451020675695,1.12457319510376,1.40225764706866,1.10053977426787,1.45084215236575,1.4493573360154,1.4477538044176,-3.79267330164705,-0.772459597492697,-3.42840902878343,38,34,36,33
"1554",1554,"331",0.846502676957745,0.874443195189525,0.874443195189525,0.874443195189525,0.841117290803452,0.839791418222055,0.840625769954339,0.765035292288852,0.790642888557532,0.771360391215541,11,10,10,10
"1555",1555,"332",0.879155479308657,0.879155479308657,0.879155479308657,0.879155479308657,0.879155479308657,0.879155479308657,0.879155479308657,NA,NA,NA,10,10,10,10
"1556",1556,"333",0.848149083715838,0.848149083715838,0.848149083715838,0.848149083715838,0.848149083715838,0.848149083715838,0.848149083715838,NA,NA,NA,9,9,9,9
"1557",1557,"334",0.804387939138143,0.804387939138143,0.804387939138143,0.804387939138143,0.804387939138143,0.804387939138143,0.804387939138143,NA,NA,NA,7,7,7,7
"1566",1566,"335",1.13757763956417,1.13757763956417,1.13757763956417,1.13757763956417,1.13757763956417,1.13757763956417,1.13757763956417,NA,NA,NA,14,14,14,14
"1567",1567,"336",0.879339907556415,0.879339907556415,0.879339907556415,0.879339907556415,0.879339907556415,0.879339907556415,0.879339907556415,NA,NA,NA,12,12,12,12
"1568",1568,"337",0.624783648837766,0.624783648837766,0.624783648837766,0.624783648837766,0.624783648837766,0.624783648837766,0.624783648837766,NA,NA,NA,6,6,6,6
"1569",1569,"338",0.803419417853884,0.803419417853884,0.803419417853884,0.803419417853884,0.803419417853884,0.803419417853884,0.803419417853884,NA,NA,NA,9,9,9,9
"1570",1570,"339",0.619378306260539,0.619378306260539,0.619378306260539,0.619378306260539,0.619378306260539,0.619378306260539,0.619378306260539,NA,NA,NA,6,6,6,6
"1571",1571,"340",0.608626348540122,0.608626348540122,0.608626348540122,0.608626348540122,0.608626348540122,0.608626348540122,0.608626348540122,NA,NA,NA,4,4,4,4
"1572",1572,"341",0.945438625794818,0.945438625794818,0.945438625794818,0.945438625794818,0.945438625794818,0.945438625794818,0.945438625794818,NA,NA,NA,5,5,5,5
"1573",1573,"342",0.929764399684874,0.929764399684874,0.929764399684874,0.929764399684874,0.929764399684874,0.929764399684874,0.929764399684874,NA,NA,NA,4,4,4,4
"1574",1574,"343",0.692524760255066,0.692524760255066,0.692524760255066,0.692524760255066,0.692524760255066,0.692524760255066,0.692524760255066,NA,NA,NA,3,3,3,3
"1575",1575,"344",0.692524760255066,0.692524760255066,0.692524760255066,0.692524760255066,0.692524760255066,0.692524760255066,0.692524760255066,NA,NA,NA,3,3,3,3
"1576",1576,"345",0.692524760255066,0.692524760255066,0.692524760255066,0.692524760255066,0.692524760255066,0.692524760255066,0.692524760255066,NA,NA,NA,3,3,3,3
"1577",1577,"346",0.859269253560601,0.859269253560601,0.859269253560601,0.859269253560601,0.859269253560601,0.859269253560601,0.859269253560601,NA,NA,NA,16,16,16,16
"1578",1578,"347",0.77601588508684,0.77601588508684,0.77601588508684,0.77601588508684,0.77601588508684,0.77601588508684,0.77601588508684,NA,NA,NA,10,10,10,10
"1579",1579,"348",0.76356466766278,0.76356466766278,0.76356466766278,0.76356466766278,0.76356466766278,0.76356466766278,0.76356466766278,NA,NA,NA,4,4,4,4
"1580",1580,"349",0.76356466766278,0.76356466766278,0.76356466766278,0.76356466766278,0.76356466766278,0.76356466766278,0.76356466766278,NA,NA,NA,4,4,4,4
"1581",1581,"350",0.928256482563536,0.928256482563536,0.928256482563536,0.928256482563536,0.928256482563536,0.928256482563536,0.928256482563536,NA,NA,NA,3,3,3,3
"1584",1584,"351",2.03552442473086,1.15658405079495,1.4402766450865,1.15658405079495,2.03495175701704,2.03210142475543,2.02868949976274,-3.02414354114907,-2.86854900420262,-2.96213983629157,27,23,25,23
"1585",1585,"352",1.51133572304854,1.20624932984985,1.54473669800172,1.20624932984985,1.51292957355203,1.51185952229279,1.51970370340346,-1.97255121426999,0.302348745313077,-1.9885427554553,24,20,22,20
"1586",1586,"353",1.69795528551531,1.39811189579039,1.73489777008842,1.39811189579039,1.69883629462736,1.69552844700016,1.69625011609291,-1.79707865490029,0.395983766854206,-1.74080297653677,23,20,22,20
"1587",1587,"354",1.701476848734,1.35506878678409,1.74983162484122,1.35506878678409,1.70743305349907,1.7050025377888,1.69951060796912,-1.73414006355593,0.409469663533085,-1.59345338127387,20,17,19,17
"1588",1588,"355",1.8635537121491,1.0218572118584,1.02469278194385,1.02469278194385,1.86492347328023,1.85747575887448,1.87725110793059,-3.80931758652478,-3.16222416206056,-3.421143860379,31,28,27,27
"1589",1589,"356",2.01526632030081,1.0382013548449,1.14040823742457,1.03607414946975,2.00941212188056,2.00589819554381,1.99592914818107,-4.33863855411599,-4.63842854805689,-4.09111654214211,53,43,45,42
"1590",1590,"357",1.92397294085984,1.0300615362756,1.0300615362756,1.0300615362756,1.92422763470339,1.92526405897562,1.91875589322224,-4.43679870784538,-4.52449938229767,-4.12593229491744,44,38,38,38
"1591",1591,"358",1.68925824836719,1.00987767179749,1.00987767179749,1.00987767179749,1.68609043916143,1.69072201688893,1.69234559045275,-3.91470196268486,-4.13916501165178,-4.06048210869677,44,39,39,39
"1592",1592,"359",0.784443335324378,0.784443335324378,0.784443335324378,0.784443335324378,0.784443335324378,0.784443335324378,0.784443335324378,NA,NA,NA,13,13,13,13
"1593",1593,"360",1.42430650328412,1.03614926475201,1.02307833147061,1.03918528756322,1.44000478376688,1.43387795293518,1.41665032123076,-1.98091218023083,-1.915667204889,-1.59402874851704,27,21,21,20
"1594",1594,"361",1.36357548404777,1.04579493322952,1.03209346209096,1.04940806805814,1.3748737776327,1.35671974588714,1.3733303981161,-1.6384474337991,-1.65792764507058,-1.44352990556483,32,23,24,22
"1599",1599,"362",0.628616954826041,0.0673871755392516,0.688332870464581,0,0.484747220334445,0.496523495058833,0,-1.37476688131677,0.641206303468815,NA,3,2,2,1
"1611",1611,"363",0,0,0,0,0,0,0,NA,NA,NA,1,1,1,1
"1620",1620,"364",0,0,0,0,0,0,0,NA,NA,NA,1,1,1,1
"1621",1621,"365",1.36030950999468,1.18267732887954,0.913997399498564,0.913997399498564,1.35552703959477,1.33866929756511,1.34770436657312,-2.73692276464629,-2.9150830007367,-2.99276713341719,14,13,10,10
"1622",1622,"366",1.35847158642437,1.2044579462647,0.986826417266848,0.986826417266848,1.35313047614292,1.34800027788186,1.34306142030112,-2.71456749668508,-3.02792835338851,-3.11096954324631,16,15,12,12
"1623",1623,"367",1.47515691826986,1.06200631099047,1.26257315287037,1.00873182015412,1.47144011376193,1.4692886411051,1.4722352913679,-4.10530298214681,-1.96983113587186,-3.93181783114818,23,20,20,19
"1624",1624,"368",1.64141728259756,1.37566951816829,1.619899663791,1.33143246482699,1.64057858120069,1.63389255453214,1.63452231504108,-3.0137282699108,-0.152512424477982,-2.38658693529299,16,15,15,14
"1625",1625,"369",1.580322620197,1.28046658861075,1.47451481197826,1.22953462839788,1.57903893303738,1.57522196593875,1.57338006967273,-3.48440509796037,-1.11839645393688,-3.04184898710065,21,19,19,18
"1626",1626,"370",0.721525774634153,0.721525774634153,0.721525774634153,0.721525774634153,0.721525774634153,0.721525774634153,0.721525774634153,NA,NA,NA,6,6,6,6
"1627",1627,"371",0.721525774634153,0.721525774634153,0.721525774634153,0.721525774634153,0.721525774634153,0.721525774634153,0.721525774634153,NA,NA,NA,6,6,6,6
"1628",1628,"372",0.721525774634153,0.721525774634153,0.721525774634153,0.721525774634153,0.721525774634153,0.721525774634153,0.721525774634153,NA,NA,NA,6,6,6,6
"1639",1639,"373",0,0,0,0,0,0,0,NA,NA,NA,1,1,1,1
"1640",1640,"374",0.793263229831275,0.793263229831275,0.793263229831275,0.793263229831275,0.793263229831275,0.793263229831275,0.793263229831275,NA,NA,NA,2,2,2,2
"1644",1644,"375",0,0,0,0,0,0,0,NA,NA,NA,1,1,1,1
"1646",1646,"376",0,0,0,0,0,0,0,NA,NA,NA,1,1,1,1
"1648",1648,"377",0,0,0,0,0,0,0,NA,NA,NA,1,1,1,1
"1649",1649,"378",0,0,0,0,0,0,0,NA,NA,NA,1,1,1,1
"1650",1650,"379",0.852693023598132,0.852693023598132,0.852693023598132,0.852693023598132,0.852693023598132,0.852693023598132,0.852693023598132,NA,NA,NA,5,5,5,5
"1651",1651,"380",0.68080996412086,0.68080996412086,0.68080996412086,0.68080996412086,0.68080996412086,0.68080996412086,0.68080996412086,NA,NA,NA,5,5,5,5
"1652",1652,"381",0.561000109467188,0.561000109467188,0.561000109467188,0.561000109467188,0.561000109467188,0.561000109467188,0.561000109467188,NA,NA,NA,2,2,2,2
"1653",1653,"382",0,0,0,0,0,0,0,NA,NA,NA,1,1,1,1
"1654",1654,"383",0.561000109467188,0.561000109467188,0.561000109467188,0.561000109467188,0.561000109467188,0.561000109467188,0.561000109467188,NA,NA,NA,2,2,2,2
"1656",1656,"384",0.952242935472059,0.952242935472059,0.952242935472059,0.952242935472059,0.952242935472059,0.952242935472059,0.952242935472059,NA,NA,NA,6,6,6,6
"1657",1657,"385",2.29487336984243,1.32400226501303,1.32400226501303,1.32400226501303,2.2977015341632,2.2998681840939,2.28291432151325,-3.96321671759225,-3.97259851730299,-3.47384514994198,16,15,15,15
"1658",1658,"386",1.62554870751712,1.21021864987936,1.67939873677133,1.21021864987936,1.6248609744084,1.6219481883045,1.63480285029326,-2.20412739814972,0.445937168278527,-2.37128074511505,16,14,15,14
"1659",1659,"387",1.69795528551531,1.39811189579039,1.73489777008842,1.39811189579039,1.69614753071346,1.69269880188352,1.70638325546922,-1.76992570801461,0.413266534159282,-1.87140944809296,23,20,22,20
"1660",1660,"388",1.6221727725812,1.36075284115896,1.66807989861056,1.36075284115896,1.61862902178166,1.62193670558928,1.62880260024743,-1.52694505776458,0.417737091892284,-1.66128699342113,26,22,24,22
"1661",1661,"389",2.04605128831739,1.0549844667926,1.05619249505148,1.05619249505148,2.03302156392209,2.04667047424527,2.04401944310368,-4.02698452319941,-3.84201351586283,-3.76616464403566,40,34,33,33
"1662",1662,"390",1.93743142267046,1.03849055364388,1.03849055364388,1.03849055364388,1.94180948882702,1.95109953662485,1.9384122610287,-4.30191118920998,-4.64123950678593,-4.43570047548453,44,38,38,38
"1663",1663,"391",1.90838195882979,1.03427074526978,1.03427074526978,1.03427074526978,1.91828228660987,1.90275664482276,1.89081987989219,-5.14545897104501,-4.89788283620581,-4.66273094772952,45,40,40,40
"1664",1664,"392",1.5908175791706,1.0257880361356,1.0257880361356,1.0257880361356,1.58504552907366,1.5970103847803,1.59052585713259,-3.64427717669755,-4.20964391477285,-3.87929867355186,37,34,34,34
"1665",1665,"393",0.878247498682019,0.878247498682019,0.878247498682019,0.878247498682019,0.878247498682019,0.878247498682019,0.878247498682019,NA,NA,NA,18,18,18,18
"1666",1666,"394",0.793534535749157,0.793534535749157,0.793534535749157,0.793534535749157,0.793534535749157,0.793534535749157,0.793534535749157,NA,NA,NA,10,10,10,10
"1667",1667,"395",0.940269014491609,0.961890390885768,0.961890390885768,0.961890390885768,0.932903861094792,0.934631081446798,0.933859845058302,0.613364125176416,0.605549333037839,0.619970216585026,13,12,12,12
"1668",1668,"396",0.729026243345247,0.729026243345247,0.729026243345247,0.729026243345247,0.729026243345247,0.729026243345247,0.729026243345247,NA,NA,NA,3,3,3,3
"1671",1671,"397",0.427056492220218,0.427056492220218,0,0,0.427056492220218,0,0,NA,NA,NA,2,2,1,1
"1672",1672,"398",0,0,NA,NA,0,NA,NA,NA,NA,NA,1,1,0,0
"1692",1692,"399",0,0,0,0,0,0,0,NA,NA,NA,1,1,1,1
"1693",1693,"400",1.5835126095325,0.88659429741906,0.88659429741906,0.88659429741906,1.53682078905485,1.51999590547515,1.50699377659527,-1.68181319707452,-1.59536700185089,-1.55962830475815,4,3,3,3
"1694",1694,"401",1.24860445173936,1.04165097426997,0.863397238475207,0.863397238475207,1.24548343603432,1.2341607846935,1.23384537871507,-3.09605988383331,-2.85218068275931,-2.92469186050619,13,12,10,10
"1695",1695,"402",0.908140133074354,0.908140133074354,0.908140133074354,0.908140133074354,0.908140133074354,0.908140133074354,0.908140133074354,NA,NA,NA,5,5,5,5
"1696",1696,"403",1.20313736025014,1.20313736025014,1.20313736025014,1.20313736025014,1.20313736025014,1.20313736025014,1.20313736025014,NA,NA,NA,5,5,5,5
"1697",1697,"404",0,0,0,0,0,0,0,NA,NA,NA,1,1,1,1
"1698",1698,"405",0,0,0,0,0,0,0,NA,NA,NA,1,1,1,1
"1699",1699,"406",0.67246638408356,0.67246638408356,0.67246638408356,0.67246638408356,0.67246638408356,0.67246638408356,0.67246638408356,NA,NA,NA,3,3,3,3
"1700",1700,"407",0.67246638408356,0.67246638408356,0.67246638408356,0.67246638408356,0.67246638408356,0.67246638408356,0.67246638408356,NA,NA,NA,3,3,3,3
"1712",1712,"408",0.321563093455935,0,0,0,0,0,0,NA,NA,NA,2,1,1,1
"1713",1713,"409",0,0,0,0,0,0,0,NA,NA,NA,1,1,1,1
"1714",1714,"410",0,0,0,0,0,0,0,NA,NA,NA,1,1,1,1
"1715",1715,"411",0,0,0,0,0,0,0,NA,NA,NA,1,1,1,1
"1721",1721,"412",0,0,0,0,0,0,0,NA,NA,NA,1,1,1,1
"1722",1722,"413",0.750670036954827,0.750670036954827,0.750670036954827,0.750670036954827,0.750670036954827,0.750670036954827,0.750670036954827,NA,NA,NA,3,3,3,3
"1723",1723,"414",0.839291271692099,0.839291271692099,0.839291271692099,0.839291271692099,0.839291271692099,0.839291271692099,0.839291271692099,NA,NA,NA,2,2,2,2
"1724",1724,"415",0.561000109467188,0.561000109467188,0.561000109467188,0.561000109467188,0.561000109467188,0.561000109467188,0.561000109467188,NA,NA,NA,2,2,2,2
"1725",1725,"416",0.561000109467188,0.561000109467188,0.561000109467188,0.561000109467188,0.561000109467188,0.561000109467188,0.561000109467188,NA,NA,NA,2,2,2,2
"1726",1726,"417",0,0,0,0,0,0,0,NA,NA,NA,1,1,1,1
"1727",1727,"418",0.561000109467188,0.561000109467188,0.561000109467188,0.561000109467188,0.561000109467188,0.561000109467188,0.561000109467188,NA,NA,NA,2,2,2,2
"1728",1728,"419",0,0,0,0,0,0,0,NA,NA,NA,1,1,1,1
"1729",1729,"420",0.700312573618531,0.700312573618531,0.700312573618531,0.700312573618531,0.700312573618531,0.700312573618531,0.700312573618531,NA,NA,NA,4,4,4,4
"1730",1730,"421",1.34227938340432,1.34227938340432,1.34227938340432,1.34227938340432,1.34227938340432,1.34227938340432,1.34227938340432,NA,NA,NA,7,7,7,7
"1731",1731,"422",2.09400047308328,1.38798560986548,1.38798560986548,1.38798560986548,2.0966463875888,2.08668577510479,2.07875231900259,-4.33023783619031,-3.75964204321526,-3.58198331072227,22,21,21,21
"1732",1732,"423",1.77121828971672,1.27203711521722,1.27203711521722,1.27203711521722,1.76209855657995,1.76835761794214,1.78319288845123,-3.1004583675452,-3.21037125140704,-3.84303936400622,31,29,29,29
"1733",1733,"424",2.10020009266824,1.18035543776121,1.18035543776121,1.18035543776121,2.09858246050877,2.09677224604059,2.09870857475929,-4.44550224513491,-4.48213594764151,-4.3927843880928,37,33,33,33
"1734",1734,"425",2.06798104731503,1.0380244531848,1.0380244531848,1.0380244531848,2.0599413180919,2.05890840240124,2.07408949863165,-4.05397248463222,-4.04806816467033,-4.20918635206856,39,33,33,33
"1735",1735,"426",2.09925707954241,1.07647609716109,1.07647609716109,1.07647609716109,2.10138988164818,2.09616467042668,2.08942014632765,-4.11478520940196,-4.14236087529562,-4.03732185963303,39,33,33,33
"1736",1736,"427",0.994261660990994,0.994261660990994,0.994261660990994,0.994261660990994,0.994261660990994,0.994261660990994,0.994261660990994,NA,NA,NA,16,16,16,16
"1737",1737,"428",0.998937382679859,0.998937382679859,0.998937382679859,0.998937382679859,0.998937382679859,0.998937382679859,0.998937382679859,NA,NA,NA,14,14,14,14
"1738",1738,"429",0.840328502706692,0.840328502706692,0.840328502706692,0.840328502706692,0.840328502706692,0.840328502706692,0.840328502706692,NA,NA,NA,9,9,9,9
"1739",1739,"430",0.894681156218776,0.894681156218776,0.894681156218776,0.894681156218776,0.894681156218776,0.894681156218776,0.894681156218776,NA,NA,NA,10,10,10,10
"1740",1740,"431",0.990165353832377,0.975177957793938,0.975177957793938,0.975177957793938,0.984257650378033,0.981814458596087,0.984937547077645,-0.249911156181329,-0.179499467171795,-0.261329683273639,11,10,10,10
"1741",1741,"432",0.867165001253888,0.867165001253888,0.867165001253888,0.867165001253888,0.867165001253888,0.867165001253888,0.867165001253888,NA,NA,NA,4,4,4,4
"1742",1742,"433",0.779191711272695,0.779191711272695,0.779191711272695,0.779191711272695,0.779191711272695,0.779191711272695,0.779191711272695,NA,NA,NA,2,2,2,2
"1744",1744,"434",0.956185465548708,0.956185465548708,0.956185465548708,0.956185465548708,0.956185465548708,0.956185465548708,0.956185465548708,NA,NA,NA,3,3,3,3
"1764",1764,"435",0,0,0,0,0,0,0,NA,NA,NA,1,1,1,1
"1765",1765,"436",0,0,0,0,0,0,0,NA,NA,NA,1,1,1,1
"1766",1766,"437",0.985666527472394,0.985666527472394,0.88659429741906,0.88659429741906,0.985666527472394,0.983720663831814,0.987706200924266,NA,-0.415971555628849,-0.421929340176758,4,4,3,3
"1767",1767,"438",1.8385179708064,0.938392427556211,0.938392427556211,0.938392427556211,1.57269163487634,1.58781414910366,1.59142035197712,-1.29586999938057,-1.34218115590699,-1.36945042629043,3,2,2,2
"1768",1768,"439",0.938392427556211,0.938392427556211,0.938392427556211,0.938392427556211,0.938392427556211,0.938392427556211,0.938392427556211,NA,NA,NA,2,2,2,2
"1769",1769,"440",0,0,0,0,0,0,0,NA,NA,NA,1,1,1,1
"1770",1770,"441",0,0,0,0,0,0,0,NA,NA,NA,1,1,1,1
"1771",1771,"442",0,0,0,0,0,0,0,NA,NA,NA,1,1,1,1
"1772",1772,"443",0,0,0,0,0,0,0,NA,NA,NA,1,1,1,1
"1773",1773,"444",0,0,0,0,0,0,0,NA,NA,NA,1,1,1,1
"1785",1785,"445",0,0,0,0,0,0,0,NA,NA,NA,1,1,1,1
"1787",1787,"446",0,0,0,0,0,0,0,NA,NA,NA,1,1,1,1
"1788",1788,"447",0,0,0,0,0,0,0,NA,NA,NA,1,1,1,1
"1789",1789,"448",0,0,0,0,0,0,0,NA,NA,NA,1,1,1,1
"1794",1794,"449",0,0,0,0,0,0,0,NA,NA,NA,1,1,1,1
"1795",1795,"450",0.750670036954827,0.750670036954827,0.750670036954827,0.750670036954827,0.750670036954827,0.750670036954827,0.750670036954827,NA,NA,NA,3,3,3,3
"1796",1796,"451",0.839291271692099,0.839291271692099,0.839291271692099,0.839291271692099,0.839291271692099,0.839291271692099,0.839291271692099,NA,NA,NA,2,2,2,2
"1797",1797,"452",0,0,0,0,0,0,0,NA,NA,NA,1,1,1,1
"1798",1798,"453",0,0,0,0,0,0,0,NA,NA,NA,1,1,1,1
"1799",1799,"454",0,0,0,0,0,0,0,NA,NA,NA,1,1,1,1
"1800",1800,"455",0,0,0,0,0,0,0,NA,NA,NA,1,1,1,1
"1801",1801,"456",0,0,0,0,0,0,0,NA,NA,NA,1,1,1,1
"1802",1802,"457",0.706200900009101,0.706200900009101,0.706200900009101,0.706200900009101,0.706200900009101,0.706200900009101,0.706200900009101,NA,NA,NA,4,4,4,4
"1803",1803,"458",1.30914794834346,1.30914794834346,1.30914794834346,1.30914794834346,1.30914794834346,1.30914794834346,1.30914794834346,NA,NA,NA,12,12,12,12
"1804",1804,"459",2.22364245615858,1.45891239019274,1.45891239019274,1.45891239019274,2.21920876443361,2.22820298626428,2.22471814273806,-3.87024928929794,-4.1108782697824,-4.14399475382472,20,19,19,19
"1805",1805,"460",0.950061137347624,0.950061137347624,0.950061137347624,0.950061137347624,0.950061137347624,0.950061137347624,0.950061137347624,NA,NA,NA,10,10,10,10
"1807",1807,"461",0.729947520162969,0.729947520162969,0.729947520162969,0.729947520162969,0.729947520162969,0.729947520162969,0.729947520162969,NA,NA,NA,3,3,3,3
"1808",1808,"462",0.729947520162969,0.729947520162969,0.729947520162969,0.729947520162969,0.729947520162969,0.729947520162969,0.729947520162969,NA,NA,NA,3,3,3,3
"1809",1809,"463",0.939836016310588,0.939836016310588,0.939836016310588,0.939836016310588,0.939836016310588,0.939836016310588,0.939836016310588,NA,NA,NA,7,7,7,7
"1810",1810,"464",0.949575156663783,0.949575156663783,0.949575156663783,0.949575156663783,0.949575156663783,0.949575156663783,0.949575156663783,NA,NA,NA,7,7,7,7
"1811",1811,"465",0.949575156663783,0.949575156663783,0.949575156663783,0.949575156663783,0.949575156663783,0.949575156663783,0.949575156663783,NA,NA,NA,7,7,7,7
"1812",1812,"466",0.995151114541455,0.995151114541455,0.995151114541455,0.995151114541455,0.995151114541455,0.995151114541455,0.995151114541455,NA,NA,NA,8,8,8,8
"1813",1813,"467",0.914689737361461,0.914689737361461,0.914689737361461,0.914689737361461,0.914689737361461,0.914689737361461,0.914689737361461,NA,NA,NA,7,7,7,7
"1814",1814,"468",0.781993063439691,0.781993063439691,0.781993063439691,0.781993063439691,0.781993063439691,0.781993063439691,0.781993063439691,NA,NA,NA,5,5,5,5
"1815",1815,"469",0.716185979616269,0.716185979616269,0.716185979616269,0.716185979616269,0.716185979616269,0.716185979616269,0.716185979616269,NA,NA,NA,4,4,4,4
"1816",1816,"470",0.904366211477093,0.904366211477093,0.904366211477093,0.904366211477093,0.904366211477093,0.904366211477093,0.904366211477093,NA,NA,NA,3,3,3,3
"1837",1837,"471",0.938392427556211,0.938392427556211,0.938392427556211,0.938392427556211,0.938392427556211,0.938392427556211,0.938392427556211,NA,NA,NA,2,2,2,2
"1838",1838,"472",0.938392427556211,0.938392427556211,0.938392427556211,0.938392427556211,0.938392427556211,0.938392427556211,0.938392427556211,NA,NA,NA,2,2,2,2
"1839",1839,"473",0.938392427556211,0.938392427556211,0.938392427556211,0.938392427556211,0.938392427556211,0.938392427556211,0.938392427556211,NA,NA,NA,2,2,2,2
"1840",1840,"474",0,0,0,0,0,0,0,NA,NA,NA,1,1,1,1
"1841",1841,"475",0,0,0,0,0,0,0,NA,NA,NA,1,1,1,1
"1842",1842,"476",0,0,0,0,0,0,0,NA,NA,NA,1,1,1,1
"1843",1843,"477",0,0,0,0,0,0,0,NA,NA,NA,1,1,1,1
"1844",1844,"478",0,0,0,0,0,0,0,NA,NA,NA,1,1,1,1
"1845",1845,"479",0,0,0,0,0,0,0,NA,NA,NA,1,1,1,1
"1846",1846,"480",0,0,0,0,0,0,0,NA,NA,NA,1,1,1,1
"1847",1847,"481",0,0,0,0,0,0,0,NA,NA,NA,1,1,1,1
"1860",1860,"482",0,0,0,0,0,0,0,NA,NA,NA,1,1,1,1
"1861",1861,"483",0,0,0,0,0,0,0,NA,NA,NA,1,1,1,1
"1862",1862,"484",0,0,0,0,0,0,0,NA,NA,NA,1,1,1,1
"1863",1863,"485",0,0,0,0,0,0,0,NA,NA,NA,1,1,1,1
"1864",1864,"486",0,0,0,0,0,0,0,NA,NA,NA,1,1,1,1
"1867",1867,"487",0,0,0,0,0,0,0,NA,NA,NA,1,1,1,1
"1868",1868,"488",0,0,0,0,0,0,0,NA,NA,NA,1,1,1,1
"1869",1869,"489",0,0,0,0,0,0,0,NA,NA,NA,1,1,1,1
"1870",1870,"490",0.561000109467188,0.561000109467188,0.561000109467188,0.561000109467188,0.561000109467188,0.561000109467188,0.561000109467188,NA,NA,NA,2,2,2,2
"1874",1874,"491",0,0,0,0,0,0,0,NA,NA,NA,1,1,1,1
"1875",1875,"492",0,0,0,0,0,0,0,NA,NA,NA,1,1,1,1
"1876",1876,"493",0.988746948722529,0.988746948722529,0.988746948722529,0.988746948722529,0.988746948722529,0.988746948722529,0.988746948722529,NA,NA,NA,5,5,5,5
"1877",1877,"494",0,0,0,0,0,0,0,NA,NA,NA,1,1,1,1
"1881",1881,"495",0,0,0,0,0,0,0,NA,NA,NA,1,1,1,1
"1882",1882,"496",0.815550188033132,0.815550188033132,0.815550188033132,0.815550188033132,0.815550188033132,0.815550188033132,0.815550188033132,NA,NA,NA,2,2,2,2
"1883",1883,"497",1.0083923248129,1.0083923248129,1.0083923248129,1.0083923248129,1.0083923248129,1.0083923248129,1.0083923248129,NA,NA,NA,3,3,3,3
"1884",1884,"498",0.695931220023425,0.695931220023425,0.695931220023425,0.695931220023425,0.695931220023425,0.695931220023425,0.695931220023425,NA,NA,NA,2,2,2,2
"1885",1885,"499",0.961459856506074,0.961459856506074,0.961459856506074,0.961459856506074,0.961459856506074,0.961459856506074,0.961459856506074,NA,NA,NA,4,4,4,4
"1886",1886,"500",0.961459856506074,0.961459856506074,0.961459856506074,0.961459856506074,0.961459856506074,0.961459856506074,0.961459856506074,NA,NA,NA,4,4,4,4
"1887",1887,"501",0.961459856506074,0.961459856506074,0.961459856506074,0.961459856506074,0.961459856506074,0.961459856506074,0.961459856506074,NA,NA,NA,4,4,4,4
"1888",1888,"502",0.904366211477093,0.904366211477093,0.904366211477093,0.904366211477093,0.904366211477093,0.904366211477093,0.904366211477093,NA,NA,NA,3,3,3,3
"1889",1889,"503",0.904366211477093,0.904366211477093,0.904366211477093,0.904366211477093,0.904366211477093,0.904366211477093,0.904366211477093,NA,NA,NA,3,3,3,3
"1890",1890,"504",0.904366211477093,0.904366211477093,0.904366211477093,0.904366211477093,0.904366211477093,0.904366211477093,0.904366211477093,NA,NA,NA,3,3,3,3
"1910",1910,"505",0.938392427556211,0.938392427556211,0.938392427556211,0.938392427556211,0.938392427556211,0.938392427556211,0.938392427556211,NA,NA,NA,2,2,2,2
"1911",1911,"506",0,0,0,0,0,0,0,NA,NA,NA,1,1,1,1
"1912",1912,"507",0,0,0,0,0,0,0,NA,NA,NA,1,1,1,1
"1913",1913,"508",0,0,0,0,0,0,0,NA,NA,NA,1,1,1,1
"1914",1914,"509",0,0,0,0,0,0,0,NA,NA,NA,1,1,1,1
"1915",1915,"510",0,0,0,0,0,0,0,NA,NA,NA,1,1,1,1
"1916",1916,"511",0,0,0,0,0,0,0,NA,NA,NA,1,1,1,1
"1917",1917,"512",0,0,0,0,0,0,0,NA,NA,NA,1,1,1,1
"1918",1918,"513",0,0,0,0,0,0,0,NA,NA,NA,1,1,1,1
"1919",1919,"514",0,0,0,0,0,0,0,NA,NA,NA,1,1,1,1
"1920",1920,"515",0,0,0,0,0,0,0,NA,NA,NA,1,1,1,1
"1921",1921,"516",0,0,0,0,0,0,0,NA,NA,NA,1,1,1,1
"1922",1922,"517",0,0,0,0,0,0,0,NA,NA,NA,1,1,1,1
"1957",1957,"518",0,0,0,0,0,0,0,NA,NA,NA,1,1,1,1
"1958",1958,"519",0.961459856506074,0.961459856506074,0.961459856506074,0.961459856506074,0.961459856506074,0.961459856506074,0.961459856506074,NA,NA,NA,4,4,4,4
"1959",1959,"520",0.584564836186713,0.584564836186713,0.584564836186713,0.584564836186713,0.584564836186713,0.584564836186713,0.584564836186713,NA,NA,NA,3,3,3,3
"1960",1960,"521",0.971883920699083,0.971883920699083,0.971883920699083,0.971883920699083,0.971883920699083,0.971883920699083,0.971883920699083,NA,NA,NA,3,3,3,3
"1961",1961,"522",0,0,0,0,0,0,0,NA,NA,NA,1,1,1,1
"1962",1962,"523",0.915133093464806,0.915133093464806,0.915133093464806,0.915133093464806,0.915133093464806,0.915133093464806,0.915133093464806,NA,NA,NA,4,4,4,4
"1963",1963,"524",0.904366211477093,0.904366211477093,0.904366211477093,0.904366211477093,0.904366211477093,0.904366211477093,0.904366211477093,NA,NA,NA,3,3,3,3
"1964",1964,"525",0.904366211477093,0.904366211477093,0.904366211477093,0.904366211477093,0.904366211477093,0.904366211477093,0.904366211477093,NA,NA,NA,3,3,3,3
"1982",1982,"526",0,0,0,0,0,0,0,NA,NA,NA,1,1,1,1
"1983",1983,"527",0,0,0,0,0,0,0,NA,NA,NA,1,1,1,1
"1984",1984,"528",0,0,0,0,0,0,0,NA,NA,NA,1,1,1,1
"1985",1985,"529",0,0,0,0,0,0,0,NA,NA,NA,1,1,1,1
"1986",1986,"530",0,0,0,0,0,0,0,NA,NA,NA,1,1,1,1
"1987",1987,"531",0,0,0,0,0,0,0,NA,NA,NA,1,1,1,1
"1988",1988,"532",0,0,0,0,0,0,0,NA,NA,NA,1,1,1,1
"1989",1989,"533",0,0,0,0,0,0,0,NA,NA,NA,1,1,1,1
"1990",1990,"534",0,0,0,0,0,0,0,NA,NA,NA,1,1,1,1
"1991",1991,"535",0,0,0,0,0,0,0,NA,NA,NA,1,1,1,1
"1992",1992,"536",0,0,0,0,0,0,0,NA,NA,NA,1,1,1,1
"1993",1993,"537",0,0,0,0,0,0,0,NA,NA,NA,1,1,1,1
"1994",1994,"538",0,0,0,0,0,0,0,NA,NA,NA,1,1,1,1
"1995",1995,"539",0,0,0,0,0,0,0,NA,NA,NA,1,1,1,1
"1996",1996,"540",0,0,0,0,0,0,0,NA,NA,NA,1,1,1,1
"1997",1997,"541",0,0,0,0,0,0,0,NA,NA,NA,1,1,1,1
"2032",2032,"542",0.842376009581781,0.842376009581781,0.842376009581781,0.842376009581781,0.842376009581781,0.842376009581781,0.842376009581781,NA,NA,NA,2,2,2,2
"2033",2033,"543",0.842376009581781,0.842376009581781,0.842376009581781,0.842376009581781,0.842376009581781,0.842376009581781,0.842376009581781,NA,NA,NA,2,2,2,2
"2034",2034,"544",0.842376009581781,0.842376009581781,0.842376009581781,0.842376009581781,0.842376009581781,0.842376009581781,0.842376009581781,NA,NA,NA,2,2,2,2
"2035",2035,"545",0.842376009581781,0.842376009581781,0.842376009581781,0.842376009581781,0.842376009581781,0.842376009581781,0.842376009581781,NA,NA,NA,2,2,2,2
"2036",2036,"546",0.904366211477093,0.904366211477093,0.904366211477093,0.904366211477093,0.904366211477093,0.904366211477093,0.904366211477093,NA,NA,NA,3,3,3,3
"2054",2054,"547",0,0,0,0,0,0,0,NA,NA,NA,1,1,1,1
"2055",2055,"548",0,0,0,0,0,0,0,NA,NA,NA,1,1,1,1
"2056",2056,"549",0,0,0,0,0,0,0,NA,NA,NA,1,1,1,1
"2057",2057,"550",0,0,0,0,0,0,0,NA,NA,NA,1,1,1,1
"2058",2058,"551",0,0,0,0,0,0,0,NA,NA,NA,1,1,1,1
"2059",2059,"552",0,0,0,0,0,0,0,NA,NA,NA,1,1,1,1
"2060",2060,"553",0,0,0,0,0,0,0,NA,NA,NA,1,1,1,1
"2061",2061,"554",0,0,0,0,0,0,0,NA,NA,NA,1,1,1,1
"2062",2062,"555",0,0,0,0,0,0,0,NA,NA,NA,1,1,1,1
"2063",2063,"556",0,0,0,0,0,0,0,NA,NA,NA,1,1,1,1
"2064",2064,"557",0,0,0,0,0,0,0,NA,NA,NA,1,1,1,1
"2065",2065,"558",0,0,0,0,0,0,0,NA,NA,NA,1,1,1,1
"2066",2066,"559",0,0,0,0,0,0,0,NA,NA,NA,1,1,1,1
"2067",2067,"560",0,0,0,0,0,0,0,NA,NA,NA,1,1,1,1
"2068",2068,"561",0,0,0,0,0,0,0,NA,NA,NA,1,1,1,1
"2105",2105,"562",0.842376009581781,0.842376009581781,0.842376009581781,0.842376009581781,0.842376009581781,0.842376009581781,0.842376009581781,NA,NA,NA,2,2,2,2
"2106",2106,"563",0.842376009581781,0.842376009581781,0.842376009581781,0.842376009581781,0.842376009581781,0.842376009581781,0.842376009581781,NA,NA,NA,2,2,2,2
"2107",2107,"564",0.842376009581781,0.842376009581781,0.842376009581781,0.842376009581781,0.842376009581781,0.842376009581781,0.842376009581781,NA,NA,NA,2,2,2,2
"2108",2108,"565",0,0,0,0,0,0,0,NA,NA,NA,1,1,1,1
"2109",2109,"566",0,0,0,0,0,0,0,NA,NA,NA,1,1,1,1
"2127",2127,"567",0,0,0,0,0,0,0,NA,NA,NA,1,1,1,1
"2128",2128,"568",0,0,0,0,0,0,0,NA,NA,NA,1,1,1,1
"2129",2129,"569",0,0,0,0,0,0,0,NA,NA,NA,1,1,1,1
"2130",2130,"570",0,0,0,0,0,0,0,NA,NA,NA,1,1,1,1
"2131",2131,"571",0,0,0,0,0,0,0,NA,NA,NA,1,1,1,1
"2132",2132,"572",0,0,0,0,0,0,0,NA,NA,NA,1,1,1,1
"2133",2133,"573",0,0,0,0,0,0,0,NA,NA,NA,1,1,1,1
"2134",2134,"574",0,0,0,0,0,0,0,NA,NA,NA,1,1,1,1
"2135",2135,"575",0,0,0,0,0,0,0,NA,NA,NA,1,1,1,1
"2178",2178,"576",0,0,0,0,0,0,0,NA,NA,NA,1,1,1,1
"2179",2179,"577",0,0,0,0,0,0,0,NA,NA,NA,1,1,1,1
"2180",2180,"578",0,0,0,0,0,0,0,NA,NA,NA,1,1,1,1
"2181",2181,"579",0,0,0,0,0,0,0,NA,NA,NA,1,1,1,1
"2204",2204,"580",0,0,0,0,0,0,0,NA,NA,NA,1,1,1,1
"2205",2205,"581",0,0,0,0,0,0,0,NA,NA,NA,1,1,1,1
"2206",2206,"582",0,0,0,0,0,0,0,NA,NA,NA,1,1,1,1
